config,run_dir,diagnostic_only,quality_status,violation_status,policy,memory_budget_mib,epsilon,delta,mean_quality_loss,mean_quality_estimate,p50_quality_loss,p95_quality_loss,p99_quality_loss,cvar_quality_loss,violation_rate,worst_group_violation,delta_slack,safe_ratio,risk_upper_mean,pred_loss_mean,mean_ttft_ms,p50_ttft_ms,p95_ttft_ms,p99_ttft_ms,mean_peak_memory_mib,p95_peak_memory_mib,mean_kv_cache_memory_mib,p95_kv_cache_memory_mib,fallback_ratio,exact_fallback_ratio,exact_action_ratio,lossy_action_ratio,candidate_safe_count,budget_hit_rate,restore_count,restore_time_ms,recompute_count,recompute_time_ms,queue_delay_ms,mean_global_resident_kv_mib,p95_global_resident_kv_mib,task_distribution,length_bucket_distribution,task_length_distribution,controller_overhead_ms,controller_qrp_ms,controller_cg_ms,controller_stc_ms,oracle_cost_ms,optimality_gap,audit_rate,audit_sample_count,action_distribution,experiment_type,backend_events_applicable,backend_semantics_status,backend_not_applicable_reason,session_reuse_evidence,global_resident_evolution,backend_event_evidence,policy_comparison_status,p95_ttft_ci_low_ms,p95_ttft_ci_high_ms,mean_ttft_ci_low_ms,mean_ttft_ci_high_ms,mean_quality_loss_ci_low,mean_quality_loss_ci_high,p95_quality_loss_ci_low,p95_quality_loss_ci_high,violation_rate_ci_low,violation_rate_ci_high
/DATACENTER3/zhenxiang.wang/work/TailGuardKV/.worktrees/baseline-smoke-final-aggregation/out/full_25session_baseline_9_14/full/policy_attempts/retry2_20260915/seed20260906/config.yaml,/DATACENTER3/zhenxiang.wang/work/TailGuardKV/.worktrees/baseline-smoke-final-aggregation/out/full_25session_baseline_9_14/full/policy_attempts/retry2_20260915/seed20260906,True,risk_evidence_insufficient,risk_evidence_insufficient,full_lru,120.258,0.05,0.05,,,,,,,,,,0.0,,,839.5045565700875,112.703817198053,196.56130811199546,212.9347671288997,15296.695823317308,15542.40673828125,8.638100961538461,14.984375,0.0,0.0,1.0,0.0,,0.4461538461538462,0.0,,28.0,153.04246637138672,0.0,75.30216346153846,118.3984375,"{""chat"": 26, ""qa"": 21, ""summary"": 18}","{""unknown"": 65}","{""chat/unknown"": 26, ""qa/unknown"": 21, ""summary/unknown"": 18}",,,,,,,0.0999999999999999,6.0,"{""full_gpu"": 65}",,True,validated,,True,True,True,,160.02183500677347,212.9347671288997,117.02330810232804,2278.644127730939,,,,,,
/DATACENTER3/zhenxiang.wang/work/TailGuardKV/.worktrees/baseline-smoke-final-aggregation/out/full_25session_baseline_9_14/full/policy_attempts/retry2_20260915/seed20260906/config.yaml,/DATACENTER3/zhenxiang.wang/work/TailGuardKV/.worktrees/baseline-smoke-final-aggregation/out/full_25session_baseline_9_14/full/policy_attempts/retry2_20260915/seed20260906,True,risk_evidence_insufficient,risk_evidence_insufficient,static_best,120.258,0.05,0.05,,0.003760683760683761,,,,,,,,0.8923076923076924,0.03689677843523998,0.003760683760683761,822.7379269621407,159.42620998248458,216.28217888064682,229.76882406510413,15144.562034254808,15251.8046875,4.487372295673077,6.707763671875,0.0,0.0,0.0,1.0,,0.0,0.0,,0.0,,0.0,50.72118389423077,81.0947265625,"{""chat"": 26, ""qa"": 21, ""summary"": 18}","{""unknown"": 65}","{""chat/unknown"": 26, ""qa/unknown"": 21, ""summary/unknown"": 18}",,,,,,,0.0999999999999999,0.0,"{""kivi_4bit_residual64"": 65}",,True,validated,,True,True,False,,209.17626400478184,229.76882406510413,149.96438424747723,2163.586386790499,,,,,,
/DATACENTER3/zhenxiang.wang/work/TailGuardKV/.worktrees/baseline-smoke-final-aggregation/out/full_25session_baseline_9_14/full/policy_attempts/retry2_20260915/seed20260906/config.yaml,/DATACENTER3/zhenxiang.wang/work/TailGuardKV/.worktrees/baseline-smoke-final-aggregation/out/full_25session_baseline_9_14/full/policy_attempts/retry2_20260915/seed20260906,True,risk_evidence_insufficient,risk_evidence_insufficient,static_safe,120.258,0.05,0.05,,7.889546351084812e-05,,,,,,,,1.0,7.889546351084812e-05,7.889546351084812e-05,10060.30037383483,255.936878034845,48548.45436486602,50204.66100806743,15253.410960036057,15460.70361328125,4.433420973557692,12.359375,0.1076923076923077,0.1076923076923077,0.1076923076923077,0.8923076923076924,,0.0,0.0,,37.0,16389.82409207578,0.00016437310438889723,20.222228064903845,49.777587890625,"{""chat"": 26, ""qa"": 21, ""summary"": 18}","{""unknown"": 65}","{""chat/unknown"": 26, ""qa/unknown"": 21, ""summary/unknown"": 18}",,,,,,,0.0999999999999999,1.0,"{""full_gpu"": 7, ""kivi_4bit_residual32"": 58}",,True,validated,,True,True,True,,44750.62753683515,50204.66100806743,5190.127755077068,14979.157841404642,,,,,,
/DATACENTER3/zhenxiang.wang/work/TailGuardKV/.worktrees/baseline-smoke-final-aggregation/out/full_25session_baseline_9_14/full/policy_attempts/retry2_20260915/seed20260906/config.yaml,/DATACENTER3/zhenxiang.wang/work/TailGuardKV/.worktrees/baseline-smoke-final-aggregation/out/full_25session_baseline_9_14/full/policy_attempts/retry2_20260915/seed20260906,True,risk_evidence_insufficient,risk_evidence_insufficient,uncalibrated_dynamic,120.258,0.05,0.05,,0.003760683760683761,,,,,,,,0.8923076923076924,0.03689677843523998,0.003760683760683761,768.1126681753076,158.0184989143163,214.1420179978013,238.5137160308659,15144.548843149038,15251.8046875,4.487372295673077,6.707763671875,0.0,0.0,0.0,1.0,7.246153846153846,0.0,0.0,,0.0,,0.00017435734088604266,50.72118389423077,81.0947265625,"{""chat"": 26, ""qa"": 21, ""summary"": 18}","{""unknown"": 65}","{""chat/unknown"": 26, ""qa/unknown"": 21, ""summary/unknown"": 18}",,,,,,,0.0999999999999999,0.0,"{""kivi_4bit_residual64"": 65}",,True,validated,,True,True,True,,204.8554178327322,238.5137160308659,147.42271615049015,2004.8506559014893,,,,,,
/DATACENTER3/zhenxiang.wang/work/TailGuardKV/.worktrees/baseline-smoke-final-aggregation/out/full_25session_baseline_9_14/full/policy_attempts/retry2_20260915/seed20260906/config.yaml,/DATACENTER3/zhenxiang.wang/work/TailGuardKV/.worktrees/baseline-smoke-final-aggregation/out/full_25session_baseline_9_14/full/policy_attempts/retry2_20260915/seed20260906,True,risk_evidence_insufficient,risk_evidence_insufficient,utility_dynamic,120.258,0.05,0.05,,0.003760683760683761,,,,,,,,0.8923076923076924,0.03689677843523998,0.003760683760683761,807.6443240961489,158.25198800303042,212.32615900225937,222.61367295868695,15135.986162860578,15242.1767578125,3.6982684795673078,5.241455078125,0.0,0.0,0.0,1.0,7.246153846153846,0.0,0.0,,0.0,,0.0,42.26089618389423,62.2685546875,"{""chat"": 26, ""qa"": 21, ""summary"": 18}","{""unknown"": 65}","{""chat/unknown"": 26, ""qa/unknown"": 21, ""summary/unknown"": 18}",,,,,,,0.0999999999999999,0.0,"{""kivi_2bit_residual64"": 65}",,True,validated,,True,True,False,,204.8614639788866,222.61367295868695,146.73460242338479,2124.0286557921995,,,,,,
/DATACENTER3/zhenxiang.wang/work/TailGuardKV/.worktrees/baseline-smoke-final-aggregation/out/full_25session_baseline_9_14/full/policy_attempts/retry2_20260915/seed20260906/config.yaml,/DATACENTER3/zhenxiang.wang/work/TailGuardKV/.worktrees/baseline-smoke-final-aggregation/out/full_25session_baseline_9_14/full/policy_attempts/retry2_20260915/seed20260906,True,risk_evidence_insufficient,risk_evidence_insufficient,full_lru,120.258,0.05,0.1,,,,,,,,,,0.0,,,770.9835661281473,107.95502201654017,195.14256808906794,214.6435200702399,15296.695823317308,15542.40673828125,8.638100961538461,14.984375,0.0,0.0,1.0,0.0,,0.4461538461538462,0.0,,28.0,151.9413952150249,0.0,75.30216346153846,118.3984375,"{""chat"": 26, ""qa"": 21, ""summary"": 18}","{""unknown"": 65}","{""chat/unknown"": 26, ""qa/unknown"": 21, ""summary/unknown"": 18}",,,,,,,0.0999999999999999,6.0,"{""full_gpu"": 65}",,True,validated,,True,True,True,,158.3927981555462,214.6435200702399,110.08069376604489,2085.6710086376047,,,,,,
/DATACENTER3/zhenxiang.wang/work/TailGuardKV/.worktrees/baseline-smoke-final-aggregation/out/full_25session_baseline_9_14/full/policy_attempts/retry2_20260915/seed20260906/config.yaml,/DATACENTER3/zhenxiang.wang/work/TailGuardKV/.worktrees/baseline-smoke-final-aggregation/out/full_25session_baseline_9_14/full/policy_attempts/retry2_20260915/seed20260906,True,risk_evidence_insufficient,risk_evidence_insufficient,static_best,120.258,0.05,0.1,,0.003760683760683761,,,,,,,,0.8923076923076924,0.03689677843523998,0.003760683760683761,818.7200570558126,161.28886793740094,222.85520494915545,250.6827749311924,15144.548843149038,15251.8046875,4.487372295673077,6.707763671875,0.0,0.0,0.0,1.0,,0.0,0.0,,0.0,,0.0,50.72118389423077,81.0947265625,"{""chat"": 26, ""qa"": 21, ""summary"": 18}","{""unknown"": 65}","{""chat/unknown"": 26, ""qa/unknown"": 21, ""summary/unknown"": 18}",,,,,,,0.0999999999999999,0.0,"{""kivi_4bit_residual64"": 65}",,True,validated,,True,True,False,,212.08705520257354,250.6827749311924,152.54690628498793,2147.0108069967478,,,,,,
/DATACENTER3/zhenxiang.wang/work/TailGuardKV/.worktrees/baseline-smoke-final-aggregation/out/full_25session_baseline_9_14/full/policy_attempts/retry2_20260915/seed20260906/config.yaml,/DATACENTER3/zhenxiang.wang/work/TailGuardKV/.worktrees/baseline-smoke-final-aggregation/out/full_25session_baseline_9_14/full/policy_attempts/retry2_20260915/seed20260906,True,risk_evidence_insufficient,risk_evidence_insufficient,static_safe,120.258,0.05,0.1,,7.889546351084812e-05,,,,,,,,1.0,7.889546351084812e-05,7.889546351084812e-05,9934.639878257163,251.76736200228333,47643.56916829012,47764.66734221578,15253.410960036057,15460.70361328125,4.433420973557692,12.359375,0.1076923076923077,0.1076923076923077,0.1076923076923077,0.8923076923076924,,0.0,0.0,,37.0,16188.959049401905,0.00016730748690091648,20.222228064903845,49.777587890625,"{""chat"": 26, ""qa"": 21, ""summary"": 18}","{""unknown"": 65}","{""chat/unknown"": 26, ""qa/unknown"": 21, ""summary/unknown"": 18}",,,,,,,0.0999999999999999,1.0,"{""full_gpu"": 7, ""kivi_4bit_residual32"": 58}",,True,validated,,True,True,True,,44422.131734061986,47764.66734221578,5087.559930860366,14805.432402024677,,,,,,
/DATACENTER3/zhenxiang.wang/work/TailGuardKV/.worktrees/baseline-smoke-final-aggregation/out/full_25session_baseline_9_14/full/policy_attempts/retry2_20260915/seed20260906/config.yaml,/DATACENTER3/zhenxiang.wang/work/TailGuardKV/.worktrees/baseline-smoke-final-aggregation/out/full_25session_baseline_9_14/full/policy_attempts/retry2_20260915/seed20260906,True,risk_evidence_insufficient,risk_evidence_insufficient,uncalibrated_dynamic,120.258,0.05,0.1,,0.003760683760683761,,,,,,,,0.8923076923076924,0.03689677843523998,0.003760683760683761,805.495078750098,162.91860700584948,211.8296439293772,217.45785791426897,15144.548843149038,15251.8046875,4.487372295673077,6.707763671875,0.0,0.0,0.0,1.0,7.246153846153846,0.0,0.0,,0.0,,0.0,50.72118389423077,81.0947265625,"{""chat"": 26, ""qa"": 21, ""summary"": 18}","{""unknown"": 65}","{""chat/unknown"": 26, ""qa/unknown"": 21, ""summary/unknown"": 18}",,,,,,,0.0999999999999999,0.0,"{""kivi_4bit_residual64"": 65}",,True,validated,,True,True,False,,205.8844598941505,217.45785791426897,148.74234169076843,2114.5200530300635,,,,,,
/DATACENTER3/zhenxiang.wang/work/TailGuardKV/.worktrees/baseline-smoke-final-aggregation/out/full_25session_baseline_9_14/full/policy_attempts/retry2_20260915/seed20260906/config.yaml,/DATACENTER3/zhenxiang.wang/work/TailGuardKV/.worktrees/baseline-smoke-final-aggregation/out/full_25session_baseline_9_14/full/policy_attempts/retry2_20260915/seed20260906,True,risk_evidence_insufficient,risk_evidence_insufficient,utility_dynamic,120.258,0.05,0.1,,0.003760683760683761,,,,,,,,0.8923076923076924,0.03689677843523998,0.003760683760683761,810.0368826894806,157.0916110649705,213.07084406726062,219.53439293429255,15135.986162860578,15242.1767578125,3.6982684795673078,5.241455078125,0.0,0.0,0.0,1.0,7.246153846153846,0.0,0.0,,0.0,,0.0,42.26089618389423,62.2685546875,"{""chat"": 26, ""qa"": 21, ""summary"": 18}","{""unknown"": 65}","{""chat/unknown"": 26, ""qa/unknown"": 21, ""summary/unknown"": 18}",,,,,,,0.0999999999999999,0.0,"{""kivi_2bit_residual64"": 65}",,True,validated,,True,True,False,,208.38030311279,219.53439293429255,144.0007185957466,2134.370216499785,,,,,,
/DATACENTER3/zhenxiang.wang/work/TailGuardKV/.worktrees/baseline-smoke-final-aggregation/out/full_25session_baseline_9_14/full/policy_attempts/retry2_20260915/seed20260906/config.yaml,/DATACENTER3/zhenxiang.wang/work/TailGuardKV/.worktrees/baseline-smoke-final-aggregation/out/full_25session_baseline_9_14/full/policy_attempts/retry2_20260915/seed20260906,True,risk_evidence_insufficient,risk_evidence_insufficient,full_lru,120.258,0.1,0.05,,,,,,,,,,0.0,,,775.9234490615244,112.1776457875967,210.94125602394342,216.59321198239923,15296.695823317308,15542.40673828125,8.638100961538461,14.984375,0.0,0.0,1.0,0.0,,0.4461538461538462,0.0,,28.0,158.4325991820411,0.0004048604231614333,75.30216346153846,118.3984375,"{""chat"": 26, ""qa"": 21, ""summary"": 18}","{""unknown"": 65}","{""chat/unknown"": 26, ""qa/unknown"": 21, ""summary/unknown"": 18}",,,,,,,0.0999999999999999,6.0,"{""full_gpu"": 65}",,True,validated,,True,True,True,,166.92709899507463,216.59321198239923,120.45242523129743,2081.9111987452666,,,,,,
/DATACENTER3/zhenxiang.wang/work/TailGuardKV/.worktrees/baseline-smoke-final-aggregation/out/full_25session_baseline_9_14/full/policy_attempts/retry2_20260915/seed20260906/config.yaml,/DATACENTER3/zhenxiang.wang/work/TailGuardKV/.worktrees/baseline-smoke-final-aggregation/out/full_25session_baseline_9_14/full/policy_attempts/retry2_20260915/seed20260906,True,risk_evidence_insufficient,risk_evidence_insufficient,static_best,120.258,0.1,0.05,,0.003760683760683761,,,,,,,,0.8923076923076924,0.03689677843523998,0.003760683760683761,790.3892332568191,163.82142412476242,212.99787680618465,218.16542302258313,15144.548843149038,15251.8046875,4.487372295673077,6.707763671875,0.0,0.0,0.0,1.0,,0.0,0.0,,0.0,,0.0,50.72118389423077,81.0947265625,"{""chat"": 26, ""qa"": 21, ""summary"": 18}","{""unknown"": 65}","{""chat/unknown"": 26, ""qa/unknown"": 21, ""summary/unknown"": 18}",,,,,,,0.0999999999999999,0.0,"{""kivi_4bit_residual64"": 65}",,True,validated,,True,True,False,,208.5141239222139,218.16542302258313,149.84929509317647,2067.2263336116016,,,,,,
/DATACENTER3/zhenxiang.wang/work/TailGuardKV/.worktrees/baseline-smoke-final-aggregation/out/full_25session_baseline_9_14/full/policy_attempts/retry2_20260915/seed20260906/config.yaml,/DATACENTER3/zhenxiang.wang/work/TailGuardKV/.worktrees/baseline-smoke-final-aggregation/out/full_25session_baseline_9_14/full/policy_attempts/retry2_20260915/seed20260906,True,risk_evidence_insufficient,risk_evidence_insufficient,static_safe,120.258,0.1,0.05,,7.889546351084812e-05,,,,,,,,1.0,7.889546351084812e-05,7.889546351084812e-05,9886.036104979079,252.19987914897501,47461.21754088625,48083.10717585869,15253.410960036057,15460.70361328125,4.433420973557692,12.359375,0.1076923076923077,0.1076923076923077,0.1076923076923077,0.8923076923076924,,0.0,0.0,,37.0,16168.12256361519,0.0,20.222228064903845,49.777587890625,"{""chat"": 26, ""qa"": 21, ""summary"": 18}","{""unknown"": 65}","{""chat/unknown"": 26, ""qa/unknown"": 21, ""summary/unknown"": 18}",,,,,,,0.0999999999999999,1.0,"{""full_gpu"": 7, ""kivi_4bit_residual32"": 58}",,True,validated,,True,True,True,,43743.01328699477,48083.10717585869,5091.883530872946,14719.840864986783,,,,,,
/DATACENTER3/zhenxiang.wang/work/TailGuardKV/.worktrees/baseline-smoke-final-aggregation/out/full_25session_baseline_9_14/full/policy_attempts/retry2_20260915/seed20260906/config.yaml,/DATACENTER3/zhenxiang.wang/work/TailGuardKV/.worktrees/baseline-smoke-final-aggregation/out/full_25session_baseline_9_14/full/policy_attempts/retry2_20260915/seed20260906,True,risk_evidence_insufficient,risk_evidence_insufficient,uncalibrated_dynamic,120.258,0.1,0.05,,0.003760683760683761,,,,,,,,0.8923076923076924,0.03689677843523998,0.003760683760683761,813.3451641922674,159.16620614007115,218.12504809349775,227.487106109038,15144.562034254808,15251.8046875,4.487372295673077,6.707763671875,0.0,0.0,0.0,1.0,7.246153846153846,0.0,0.0,,0.0,,0.0016733829791729267,50.72118389423077,81.0947265625,"{""chat"": 26, ""qa"": 21, ""summary"": 18}","{""unknown"": 65}","{""chat/unknown"": 26, ""qa/unknown"": 21, ""summary/unknown"": 18}",,,,,,,0.0999999999999999,0.0,"{""kivi_4bit_residual64"": 65}",,True,validated,,True,True,True,,208.7407240178436,227.487106109038,147.38122841629846,2139.5728539578045,,,,,,
/DATACENTER3/zhenxiang.wang/work/TailGuardKV/.worktrees/baseline-smoke-final-aggregation/out/full_25session_baseline_9_14/full/policy_attempts/retry2_20260915/seed20260906/config.yaml,/DATACENTER3/zhenxiang.wang/work/TailGuardKV/.worktrees/baseline-smoke-final-aggregation/out/full_25session_baseline_9_14/full/policy_attempts/retry2_20260915/seed20260906,True,risk_evidence_insufficient,risk_evidence_insufficient,utility_dynamic,120.258,0.1,0.05,,0.003760683760683761,,,,,,,,0.8923076923076924,0.03689677843523998,0.003760683760683761,814.141641612179,158.7475799024105,208.8473078329116,218.2202828116715,15135.986162860578,15242.1767578125,3.6982684795673078,5.241455078125,0.0,0.0,0.0,1.0,7.246153846153846,0.0,0.0,,0.0,,0.0018639307755690354,42.26089618389423,62.2685546875,"{""chat"": 26, ""qa"": 21, ""summary"": 18}","{""unknown"": 65}","{""chat/unknown"": 26, ""qa/unknown"": 21, ""summary/unknown"": 18}",,,,,,,0.0999999999999999,0.0,"{""kivi_2bit_residual64"": 65}",,True,validated,,True,True,True,,203.7165758665651,218.2202828116715,147.20041271155844,2143.33954742548,,,,,,
/DATACENTER3/zhenxiang.wang/work/TailGuardKV/.worktrees/baseline-smoke-final-aggregation/out/full_25session_baseline_9_14/full/policy_attempts/retry2_20260915/seed20260906/config.yaml,/DATACENTER3/zhenxiang.wang/work/TailGuardKV/.worktrees/baseline-smoke-final-aggregation/out/full_25session_baseline_9_14/full/policy_attempts/retry2_20260915/seed20260906,True,risk_evidence_insufficient,risk_evidence_insufficient,full_lru,120.258,0.1,0.1,,,,,,,,,,0.0,,,767.3111908651315,108.38719015009701,190.32809603959322,215.07093193940818,15296.695823317308,15542.40673828125,8.638100961538461,14.984375,0.0,0.0,1.0,0.0,,0.4461538461538462,0.0,,28.0,153.08933621106138,0.0,75.30216346153846,118.3984375,"{""chat"": 26, ""qa"": 21, ""summary"": 18}","{""unknown"": 65}","{""chat/unknown"": 26, ""qa/unknown"": 21, ""summary/unknown"": 18}",,,,,,,0.0999999999999999,6.0,"{""full_gpu"": 65}",,True,validated,,True,True,True,,164.77242088876665,215.07093193940818,117.18763063231913,2063.356717930276,,,,,,
/DATACENTER3/zhenxiang.wang/work/TailGuardKV/.worktrees/baseline-smoke-final-aggregation/out/full_25session_baseline_9_14/full/policy_attempts/retry2_20260915/seed20260906/config.yaml,/DATACENTER3/zhenxiang.wang/work/TailGuardKV/.worktrees/baseline-smoke-final-aggregation/out/full_25session_baseline_9_14/full/policy_attempts/retry2_20260915/seed20260906,True,risk_evidence_insufficient,risk_evidence_insufficient,static_best,120.258,0.1,0.1,,0.003760683760683761,,,,,,,,0.8923076923076924,0.03689677843523998,0.003760683760683761,799.4290885122637,158.6352118756622,218.06019986979663,226.39080206863582,15144.548843149038,15251.8046875,4.487372295673077,6.707763671875,0.0,0.0,0.0,1.0,,0.0,0.0,,0.0,,0.0,50.72118389423077,81.0947265625,"{""chat"": 26, ""qa"": 21, ""summary"": 18}","{""unknown"": 65}","{""chat/unknown"": 26, ""qa/unknown"": 21, ""summary/unknown"": 18}",,,,,,,0.0999999999999999,0.0,"{""kivi_4bit_residual64"": 65}",,True,validated,,True,True,False,,208.88019888661802,226.39080206863582,149.92390448012605,2093.6498003943607,,,,,,
/DATACENTER3/zhenxiang.wang/work/TailGuardKV/.worktrees/baseline-smoke-final-aggregation/out/full_25session_baseline_9_14/full/policy_attempts/retry2_20260915/seed20260906/config.yaml,/DATACENTER3/zhenxiang.wang/work/TailGuardKV/.worktrees/baseline-smoke-final-aggregation/out/full_25session_baseline_9_14/full/policy_attempts/retry2_20260915/seed20260906,True,risk_evidence_insufficient,risk_evidence_insufficient,static_safe,120.258,0.1,0.1,,7.889546351084812e-05,,,,,,,,1.0,7.889546351084812e-05,7.889546351084812e-05,9629.222881074134,250.5712821148336,45361.50636681914,47375.37646586448,15253.410960036057,15460.70361328125,4.433420973557692,12.359375,0.1076923076923077,0.1076923076923077,0.1076923076923077,0.8923076923076924,,0.0,0.0,,37.0,15645.686200007092,0.0005512934464674729,20.222228064903845,49.777587890625,"{""chat"": 26, ""qa"": 21, ""summary"": 18}","{""unknown"": 65}","{""chat/unknown"": 26, ""qa/unknown"": 21, ""summary/unknown"": 18}",,,,,,,0.0999999999999999,1.0,"{""full_gpu"": 7, ""kivi_4bit_residual32"": 58}",,True,validated,,True,True,True,,43053.27829788253,47375.37646586448,4957.196667617216,14379.41731104312,,,,,,
/DATACENTER3/zhenxiang.wang/work/TailGuardKV/.worktrees/baseline-smoke-final-aggregation/out/full_25session_baseline_9_14/full/policy_attempts/retry2_20260915/seed20260906/config.yaml,/DATACENTER3/zhenxiang.wang/work/TailGuardKV/.worktrees/baseline-smoke-final-aggregation/out/full_25session_baseline_9_14/full/policy_attempts/retry2_20260915/seed20260906,True,risk_evidence_insufficient,risk_evidence_insufficient,uncalibrated_dynamic,120.258,0.1,0.1,,0.003760683760683761,,,,,,,,0.8923076923076924,0.03689677843523998,0.003760683760683761,788.740034829424,159.3640218488872,207.65638700686395,214.20402894727886,15144.548843149038,15251.8046875,4.487372295673077,6.707763671875,0.0,0.0,0.0,1.0,7.246153846153846,0.0,0.0,,0.0,,0.0,50.72118389423077,81.0947265625,"{""chat"": 26, ""qa"": 21, ""summary"": 18}","{""unknown"": 65}","{""chat/unknown"": 26, ""qa/unknown"": 21, ""summary/unknown"": 18}",,,,,,,0.0999999999999999,0.0,"{""kivi_4bit_residual64"": 65}",,True,validated,,True,True,False,,205.9386030305177,214.20402894727886,146.33210124447942,2069.4357512571205,,,,,,
/DATACENTER3/zhenxiang.wang/work/TailGuardKV/.worktrees/baseline-smoke-final-aggregation/out/full_25session_baseline_9_14/full/policy_attempts/retry2_20260915/seed20260906/config.yaml,/DATACENTER3/zhenxiang.wang/work/TailGuardKV/.worktrees/baseline-smoke-final-aggregation/out/full_25session_baseline_9_14/full/policy_attempts/retry2_20260915/seed20260906,True,risk_evidence_insufficient,risk_evidence_insufficient,utility_dynamic,120.258,0.1,0.1,,0.003760683760683761,,,,,,,,0.8923076923076924,0.03689677843523998,0.003760683760683761,772.4134553423868,162.34833491034806,213.53827021084726,218.4850787743926,15135.986162860578,15242.1767578125,3.6982684795673078,5.241455078125,0.0,0.0,0.0,1.0,7.246153846153846,0.0,0.0,,0.0,,0.0,42.26089618389423,62.2685546875,"{""chat"": 26, ""qa"": 21, ""summary"": 18}","{""unknown"": 65}","{""chat/unknown"": 26, ""qa/unknown"": 21, ""summary/unknown"": 18}",,,,,,,0.0999999999999999,0.0,"{""kivi_2bit_residual64"": 65}",,True,validated,,True,True,False,,205.4208810441196,218.4850787743926,150.12656765130276,2013.2916572745603,,,,,,
/DATACENTER3/zhenxiang.wang/work/TailGuardKV/.worktrees/baseline-smoke-final-aggregation/out/full_25session_baseline_9_14/full/policy_attempts/retry2_20260915/seed20260906/config.yaml,/DATACENTER3/zhenxiang.wang/work/TailGuardKV/.worktrees/baseline-smoke-final-aggregation/out/full_25session_baseline_9_14/full/policy_attempts/retry2_20260915/seed20260906,True,risk_evidence_insufficient,risk_evidence_insufficient,full_lru,469.602,0.05,0.05,,,,,,,,,,0.0,,,726.8571816434941,109.86329498700798,125.68924785591662,127.97034904360771,15193.526810396635,15305.1865234375,8.978846153846154,15.5859375,0.0,0.0,1.0,0.0,,0.0,0.0,,0.0,,0.0,98.40889423076923,191.40625,"{""chat"": 26, ""qa"": 21, ""summary"": 18}","{""unknown"": 65}","{""chat/unknown"": 26, ""qa/unknown"": 21, ""summary/unknown"": 18}",,,,,,,0.0999999999999999,6.0,"{""full_gpu"": 65}",,True,validated,,True,True,False,,123.34527308121324,127.97034904360771,100.14467696086146,1977.4881074033106,,,,,,
/DATACENTER3/zhenxiang.wang/work/TailGuardKV/.worktrees/baseline-smoke-final-aggregation/out/full_25session_baseline_9_14/full/policy_attempts/retry2_20260915/seed20260906/config.yaml,/DATACENTER3/zhenxiang.wang/work/TailGuardKV/.worktrees/baseline-smoke-final-aggregation/out/full_25session_baseline_9_14/full/policy_attempts/retry2_20260915/seed20260906,True,risk_evidence_insufficient,risk_evidence_insufficient,static_best,469.602,0.05,0.05,,0.003760683760683761,,,,,,,,0.8923076923076924,0.03689677843523998,0.003760683760683761,772.0876758036705,160.25697789154947,235.95920810475945,254.86662494949996,15144.548843149038,15251.8046875,4.487372295673077,6.707763671875,0.0,0.0,0.0,1.0,,0.0,0.0,,0.0,,0.0,50.72118389423077,81.0947265625,"{""chat"": 26, ""qa"": 21, ""summary"": 18}","{""unknown"": 65}","{""chat/unknown"": 26, ""qa/unknown"": 21, ""summary/unknown"": 18}",,,,,,,0.0999999999999999,0.0,"{""kivi_4bit_residual64"": 65}",,True,validated,,True,True,False,,211.34052495472133,254.86662494949996,149.20743729990835,2012.455417313169,,,,,,
/DATACENTER3/zhenxiang.wang/work/TailGuardKV/.worktrees/baseline-smoke-final-aggregation/out/full_25session_baseline_9_14/full/policy_attempts/retry2_20260915/seed20260906/config.yaml,/DATACENTER3/zhenxiang.wang/work/TailGuardKV/.worktrees/baseline-smoke-final-aggregation/out/full_25session_baseline_9_14/full/policy_attempts/retry2_20260915/seed20260906,True,risk_evidence_insufficient,risk_evidence_insufficient,static_safe,469.602,0.05,0.05,,7.889546351084812e-05,,,,,,,,1.0,7.889546351084812e-05,7.889546351084812e-05,9583.166691114553,240.85587006993592,45486.88059993088,49874.82125288993,15253.410960036057,15460.70361328125,4.433420973557692,12.359375,0.1076923076923077,0.1076923076923077,0.1076923076923077,0.8923076923076924,,0.0,0.0,,37.0,15630.375366785236,0.0022273687215951772,20.222228064903845,49.777587890625,"{""chat"": 26, ""qa"": 21, ""summary"": 18}","{""unknown"": 65}","{""chat/unknown"": 26, ""qa/unknown"": 21, ""summary/unknown"": 18}",,,,,,,0.0999999999999999,1.0,"{""full_gpu"": 7, ""kivi_4bit_residual32"": 58}",,True,validated,,True,True,True,,41808.18616597541,49874.82125288993,4907.295579038847,14251.411542269445,,,,,,
/DATACENTER3/zhenxiang.wang/work/TailGuardKV/.worktrees/baseline-smoke-final-aggregation/out/full_25session_baseline_9_14/full/policy_attempts/retry2_20260915/seed20260906/config.yaml,/DATACENTER3/zhenxiang.wang/work/TailGuardKV/.worktrees/baseline-smoke-final-aggregation/out/full_25session_baseline_9_14/full/policy_attempts/retry2_20260915/seed20260906,True,risk_evidence_insufficient,risk_evidence_insufficient,uncalibrated_dynamic,469.602,0.05,0.05,,0.003760683760683761,,,,,,,,0.8923076923076924,0.03689677843523998,0.003760683760683761,830.7314868164464,156.8740140646696,220.658770063892,239.4796151202172,15144.562034254808,15251.8046875,4.487372295673077,6.707763671875,0.0,0.0,0.0,1.0,7.246153846153846,0.0,0.0,,0.0,,0.000673217039841872,50.72118389423077,81.0947265625,"{""chat"": 26, ""qa"": 21, ""summary"": 18}","{""unknown"": 65}","{""chat/unknown"": 26, ""qa/unknown"": 21, ""summary/unknown"": 18}",,,,,,,0.0999999999999999,0.0,"{""kivi_4bit_residual64"": 65}",,True,validated,,True,True,True,,204.5906709972769,239.4796151202172,147.29486640471106,2193.1455260237535,,,,,,
/DATACENTER3/zhenxiang.wang/work/TailGuardKV/.worktrees/baseline-smoke-final-aggregation/out/full_25session_baseline_9_14/full/policy_attempts/retry2_20260915/seed20260906/config.yaml,/DATACENTER3/zhenxiang.wang/work/TailGuardKV/.worktrees/baseline-smoke-final-aggregation/out/full_25session_baseline_9_14/full/policy_attempts/retry2_20260915/seed20260906,True,risk_evidence_insufficient,risk_evidence_insufficient,utility_dynamic,469.602,0.05,0.05,,0.003760683760683761,,,,,,,,0.8923076923076924,0.03689677843523998,0.003760683760683761,785.776773975331,154.3101619463414,210.62766294926405,214.11407506093383,15135.999353966346,15242.1767578125,3.6982684795673078,5.241455078125,0.0,0.0,0.0,1.0,7.246153846153846,0.0,0.0,,0.0,,0.0007253023294302133,42.26089618389423,62.2685546875,"{""chat"": 26, ""qa"": 21, ""summary"": 18}","{""unknown"": 65}","{""chat/unknown"": 26, ""qa/unknown"": 21, ""summary/unknown"": 18}",,,,,,,0.0999999999999999,0.0,"{""kivi_2bit_residual64"": 65}",,True,validated,,True,True,True,,204.4621070381254,214.11407506093383,139.7417302744893,2070.3701660688394,,,,,,
/DATACENTER3/zhenxiang.wang/work/TailGuardKV/.worktrees/baseline-smoke-final-aggregation/out/full_25session_baseline_9_14/full/policy_attempts/retry2_20260915/seed20260906/config.yaml,/DATACENTER3/zhenxiang.wang/work/TailGuardKV/.worktrees/baseline-smoke-final-aggregation/out/full_25session_baseline_9_14/full/policy_attempts/retry2_20260915/seed20260906,True,risk_evidence_insufficient,risk_evidence_insufficient,full_lru,469.602,0.05,0.1,,,,,,,,,,0.0,,,768.5594237854848,85.68572881631553,100.18118005245924,117.39921406842768,15193.526810396635,15305.1865234375,8.978846153846154,15.5859375,0.0,0.0,1.0,0.0,,0.0,0.0,,0.0,,0.0,98.40889423076923,191.40625,"{""chat"": 26, ""qa"": 21, ""summary"": 18}","{""unknown"": 65}","{""chat/unknown"": 26, ""qa/unknown"": 21, ""summary/unknown"": 18}",,,,,,,0.0999999999999999,6.0,"{""full_gpu"": 65}",,True,validated,,True,True,False,,98.59601897187531,117.39921406842768,86.56283219774755,2131.3882359457416,,,,,,
/DATACENTER3/zhenxiang.wang/work/TailGuardKV/.worktrees/baseline-smoke-final-aggregation/out/full_25session_baseline_9_14/full/policy_attempts/retry2_20260915/seed20260906/config.yaml,/DATACENTER3/zhenxiang.wang/work/TailGuardKV/.worktrees/baseline-smoke-final-aggregation/out/full_25session_baseline_9_14/full/policy_attempts/retry2_20260915/seed20260906,True,risk_evidence_insufficient,risk_evidence_insufficient,static_best,469.602,0.05,0.1,,0.003760683760683761,,,,,,,,0.8923076923076924,0.03689677843523998,0.003760683760683761,783.1798395744023,178.0756840016693,242.18965996988118,258.68946500122547,15144.548843149038,15251.8046875,4.487372295673077,6.707763671875,0.0,0.0,0.0,1.0,,0.0,0.0,,0.0,,0.0,50.72118389423077,81.0947265625,"{""chat"": 26, ""qa"": 21, ""summary"": 18}","{""unknown"": 65}","{""chat/unknown"": 26, ""qa/unknown"": 21, ""summary/unknown"": 18}",,,,,,,0.0999999999999999,0.0,"{""kivi_4bit_residual64"": 65}",,True,validated,,True,True,False,,234.19492901302874,258.68946500122547,163.72747748660353,2014.1499148195467,,,,,,
/DATACENTER3/zhenxiang.wang/work/TailGuardKV/.worktrees/baseline-smoke-final-aggregation/out/full_25session_baseline_9_14/full/policy_attempts/retry2_20260915/seed20260906/config.yaml,/DATACENTER3/zhenxiang.wang/work/TailGuardKV/.worktrees/baseline-smoke-final-aggregation/out/full_25session_baseline_9_14/full/policy_attempts/retry2_20260915/seed20260906,True,risk_evidence_insufficient,risk_evidence_insufficient,static_safe,469.602,0.05,0.1,,7.889546351084812e-05,,,,,,,,1.0,7.889546351084812e-05,7.889546351084812e-05,9539.717130582665,232.11346589960158,45502.118214957416,46587.1633302141,15253.410960036057,15460.70361328125,4.433420973557692,12.359375,0.1076923076923077,0.1076923076923077,0.1076923076923077,0.8923076923076924,,0.0,0.0,,37.0,15580.943735971543,0.0,20.222228064903845,49.777587890625,"{""chat"": 26, ""qa"": 21, ""summary"": 18}","{""unknown"": 65}","{""chat/unknown"": 26, ""qa/unknown"": 21, ""summary/unknown"": 18}",,,,,,,0.0999999999999999,1.0,"{""full_gpu"": 7, ""kivi_4bit_residual32"": 58}",,True,validated,,True,True,True,,42625.74664933793,46587.1633302141,4861.965151401667,14326.429417343925,,,,,,
/DATACENTER3/zhenxiang.wang/work/TailGuardKV/.worktrees/baseline-smoke-final-aggregation/out/full_25session_baseline_9_14/full/policy_attempts/retry2_20260915/seed20260906/config.yaml,/DATACENTER3/zhenxiang.wang/work/TailGuardKV/.worktrees/baseline-smoke-final-aggregation/out/full_25session_baseline_9_14/full/policy_attempts/retry2_20260915/seed20260906,True,risk_evidence_insufficient,risk_evidence_insufficient,uncalibrated_dynamic,469.602,0.05,0.1,,0.003760683760683761,,,,,,,,0.8923076923076924,0.03689677843523998,0.003760683760683761,802.4320877143397,153.91418198123574,207.61713990941644,219.0941849257797,15144.562034254808,15251.8046875,4.487372295673077,6.707763671875,0.0,0.0,0.0,1.0,7.246153846153846,0.0,0.0,,0.0,,0.0002014306875375601,50.72118389423077,81.0947265625,"{""chat"": 26, ""qa"": 21, ""summary"": 18}","{""unknown"": 65}","{""chat/unknown"": 26, ""qa/unknown"": 21, ""summary/unknown"": 18}",,,,,,,0.0999999999999999,0.0,"{""kivi_4bit_residual64"": 65}",,True,validated,,True,True,True,,202.37008784897625,219.0941849257797,143.03865779836016,2114.0978608239157,,,,,,
/DATACENTER3/zhenxiang.wang/work/TailGuardKV/.worktrees/baseline-smoke-final-aggregation/out/full_25session_baseline_9_14/full/policy_attempts/retry2_20260915/seed20260906/config.yaml,/DATACENTER3/zhenxiang.wang/work/TailGuardKV/.worktrees/baseline-smoke-final-aggregation/out/full_25session_baseline_9_14/full/policy_attempts/retry2_20260915/seed20260906,True,risk_evidence_insufficient,risk_evidence_insufficient,utility_dynamic,469.602,0.05,0.1,,0.003760683760683761,,,,,,,,0.8923076923076924,0.03689677843523998,0.003760683760683761,821.1375395357322,161.48926387540996,221.76546207629144,253.1847138889134,15135.999353966346,15242.1767578125,3.6982684795673078,5.241455078125,0.0,0.0,0.0,1.0,7.246153846153846,0.0,0.0,,0.0,,0.0003989403064434345,42.26089618389423,62.2685546875,"{""chat"": 26, ""qa"": 21, ""summary"": 18}","{""unknown"": 65}","{""chat/unknown"": 26, ""qa/unknown"": 21, ""summary/unknown"": 18}",,,,,,,0.0999999999999999,0.0,"{""kivi_2bit_residual64"": 65}",,True,validated,,True,True,True,,212.22418802790344,253.1847138889134,151.69964037978878,2154.9664548335168,,,,,,
/DATACENTER3/zhenxiang.wang/work/TailGuardKV/.worktrees/baseline-smoke-final-aggregation/out/full_25session_baseline_9_14/full/policy_attempts/retry2_20260915/seed20260906/config.yaml,/DATACENTER3/zhenxiang.wang/work/TailGuardKV/.worktrees/baseline-smoke-final-aggregation/out/full_25session_baseline_9_14/full/policy_attempts/retry2_20260915/seed20260906,True,risk_evidence_insufficient,risk_evidence_insufficient,full_lru,469.602,0.1,0.05,,,,,,,,,,0.0,,,697.958335971517,86.23699890449643,105.66112305969,113.45519102178514,15193.526810396635,15305.1865234375,8.978846153846154,15.5859375,0.0,0.0,1.0,0.0,,0.0,0.0,,0.0,,0.0,98.40889423076923,191.40625,"{""chat"": 26, ""qa"": 21, ""summary"": 18}","{""unknown"": 65}","{""chat/unknown"": 26, ""qa/unknown"": 21, ""summary/unknown"": 18}",,,,,,,0.0999999999999999,6.0,"{""full_gpu"": 65}",,True,validated,,True,True,False,,102.63346508145332,113.45519102178514,87.63986002438917,1917.0698693660015,,,,,,
/DATACENTER3/zhenxiang.wang/work/TailGuardKV/.worktrees/baseline-smoke-final-aggregation/out/full_25session_baseline_9_14/full/policy_attempts/retry2_20260915/seed20260906/config.yaml,/DATACENTER3/zhenxiang.wang/work/TailGuardKV/.worktrees/baseline-smoke-final-aggregation/out/full_25session_baseline_9_14/full/policy_attempts/retry2_20260915/seed20260906,True,risk_evidence_insufficient,risk_evidence_insufficient,static_best,469.602,0.1,0.05,,0.003760683760683761,,,,,,,,0.8923076923076924,0.03689677843523998,0.003760683760683761,777.5641251018128,155.38159594871104,202.4625400081277,236.59896990284324,15144.562034254808,15251.8046875,4.487372295673077,6.707763671875,0.0,0.0,0.0,1.0,,0.0,0.0,,0.0,,0.0,50.72118389423077,81.0947265625,"{""chat"": 26, ""qa"": 21, ""summary"": 18}","{""unknown"": 65}","{""chat/unknown"": 26, ""qa/unknown"": 21, ""summary/unknown"": 18}",,,,,,,0.0999999999999999,0.0,"{""kivi_4bit_residual64"": 65}",,True,validated,,True,True,False,,197.24752893671393,236.59896990284324,143.38845731332324,2040.9097085984567,,,,,,
/DATACENTER3/zhenxiang.wang/work/TailGuardKV/.worktrees/baseline-smoke-final-aggregation/out/full_25session_baseline_9_14/full/policy_attempts/retry2_20260915/seed20260906/config.yaml,/DATACENTER3/zhenxiang.wang/work/TailGuardKV/.worktrees/baseline-smoke-final-aggregation/out/full_25session_baseline_9_14/full/policy_attempts/retry2_20260915/seed20260906,True,risk_evidence_insufficient,risk_evidence_insufficient,static_safe,469.602,0.1,0.05,,7.889546351084812e-05,,,,,,,,1.0,7.889546351084812e-05,7.889546351084812e-05,9387.82485234087,240.0193300563842,45096.17043881677,45563.956547971815,15253.410960036057,15460.70361328125,4.433420973557692,12.359375,0.1076923076923077,0.1076923076923077,0.1076923076923077,0.8923076923076924,,0.0,0.0,,37.0,15316.007564537831,0.0,20.222228064903845,49.777587890625,"{""chat"": 26, ""qa"": 21, ""summary"": 18}","{""unknown"": 65}","{""chat/unknown"": 26, ""qa/unknown"": 21, ""summary/unknown"": 18}",,,,,,,0.0999999999999999,1.0,"{""full_gpu"": 7, ""kivi_4bit_residual32"": 58}",,True,validated,,True,True,True,,41889.372980926186,45563.956547971815,4792.127951176379,14105.106444313778,,,,,,
/DATACENTER3/zhenxiang.wang/work/TailGuardKV/.worktrees/baseline-smoke-final-aggregation/out/full_25session_baseline_9_14/full/policy_attempts/retry2_20260915/seed20260906/config.yaml,/DATACENTER3/zhenxiang.wang/work/TailGuardKV/.worktrees/baseline-smoke-final-aggregation/out/full_25session_baseline_9_14/full/policy_attempts/retry2_20260915/seed20260906,True,risk_evidence_insufficient,risk_evidence_insufficient,uncalibrated_dynamic,469.602,0.1,0.05,,0.003760683760683761,,,,,,,,0.8923076923076924,0.03689677843523998,0.003760683760683761,800.3548183983335,160.52755597047508,214.9612158536911,222.46544482186437,15144.548843149038,15251.8046875,4.487372295673077,6.707763671875,0.0,0.0,0.0,1.0,7.246153846153846,0.0,0.0,,0.0,,0.0,50.72118389423077,81.0947265625,"{""chat"": 26, ""qa"": 21, ""summary"": 18}","{""unknown"": 65}","{""chat/unknown"": 26, ""qa/unknown"": 21, ""summary/unknown"": 18}",,,,,,,0.0999999999999999,0.0,"{""kivi_4bit_residual64"": 65}",,True,validated,,True,True,False,,213.20149512030184,222.46544482186437,150.98865225624579,2094.6270308467633,,,,,,
/DATACENTER3/zhenxiang.wang/work/TailGuardKV/.worktrees/baseline-smoke-final-aggregation/out/full_25session_baseline_9_14/full/policy_attempts/retry2_20260915/seed20260906/config.yaml,/DATACENTER3/zhenxiang.wang/work/TailGuardKV/.worktrees/baseline-smoke-final-aggregation/out/full_25session_baseline_9_14/full/policy_attempts/retry2_20260915/seed20260906,True,risk_evidence_insufficient,risk_evidence_insufficient,utility_dynamic,469.602,0.1,0.05,,0.003760683760683761,,,,,,,,0.8923076923076924,0.03689677843523998,0.003760683760683761,761.2536652658421,151.55320102348924,207.5481521897018,229.19825511053205,15135.986162860578,15242.1767578125,3.6982684795673078,5.241455078125,0.0,0.0,0.0,1.0,7.246153846153846,0.0,0.0,,0.0,,0.0005501050215501052,42.26089618389423,62.2685546875,"{""chat"": 26, ""qa"": 21, ""summary"": 18}","{""unknown"": 65}","{""chat/unknown"": 26, ""qa/unknown"": 21, ""summary/unknown"": 18}",,,,,,,0.0999999999999999,0.0,"{""kivi_2bit_residual64"": 65}",,True,validated,,True,True,True,,198.3489168342203,229.19825511053205,139.40362194553018,1999.4941086293413,,,,,,
/DATACENTER3/zhenxiang.wang/work/TailGuardKV/.worktrees/baseline-smoke-final-aggregation/out/full_25session_baseline_9_14/full/policy_attempts/retry2_20260915/seed20260906/config.yaml,/DATACENTER3/zhenxiang.wang/work/TailGuardKV/.worktrees/baseline-smoke-final-aggregation/out/full_25session_baseline_9_14/full/policy_attempts/retry2_20260915/seed20260906,True,risk_evidence_insufficient,risk_evidence_insufficient,full_lru,469.602,0.1,0.1,,,,,,,,,,0.0,,,754.2013757450936,89.31184117682278,122.65586503781378,128.6347759887576,15193.526810396635,15305.1865234375,8.978846153846154,15.5859375,0.0,0.0,1.0,0.0,,0.0,0.0,,0.0,,0.0,98.40889423076923,191.40625,"{""chat"": 26, ""qa"": 21, ""summary"": 18}","{""unknown"": 65}","{""chat/unknown"": 26, ""qa/unknown"": 21, ""summary/unknown"": 18}",,,,,,,0.0999999999999999,6.0,"{""full_gpu"": 65}",,True,validated,,True,True,False,,109.45186181925237,128.6347759887576,92.0156815698227,2076.3797636557942,,,,,,
/DATACENTER3/zhenxiang.wang/work/TailGuardKV/.worktrees/baseline-smoke-final-aggregation/out/full_25session_baseline_9_14/full/policy_attempts/retry2_20260915/seed20260906/config.yaml,/DATACENTER3/zhenxiang.wang/work/TailGuardKV/.worktrees/baseline-smoke-final-aggregation/out/full_25session_baseline_9_14/full/policy_attempts/retry2_20260915/seed20260906,True,risk_evidence_insufficient,risk_evidence_insufficient,static_best,469.602,0.1,0.1,,0.003760683760683761,,,,,,,,0.8923076923076924,0.03689677843523998,0.003760683760683761,814.6485437794946,149.86026496626437,222.17959188856184,244.91664581000805,15144.562034254808,15251.8046875,4.487372295673077,6.707763671875,0.0,0.0,0.0,1.0,,0.0,0.0,,0.0,,0.0,50.72118389423077,81.0947265625,"{""chat"": 26, ""qa"": 21, ""summary"": 18}","{""unknown"": 65}","{""chat/unknown"": 26, ""qa/unknown"": 21, ""summary/unknown"": 18}",,,,,,,0.0999999999999999,0.0,"{""kivi_4bit_residual64"": 65}",,True,validated,,True,True,False,,200.54694102145731,244.91664581000805,146.12996441383774,2146.8431146530866,,,,,,
/DATACENTER3/zhenxiang.wang/work/TailGuardKV/.worktrees/baseline-smoke-final-aggregation/out/full_25session_baseline_9_14/full/policy_attempts/retry2_20260915/seed20260906/config.yaml,/DATACENTER3/zhenxiang.wang/work/TailGuardKV/.worktrees/baseline-smoke-final-aggregation/out/full_25session_baseline_9_14/full/policy_attempts/retry2_20260915/seed20260906,True,risk_evidence_insufficient,risk_evidence_insufficient,static_safe,469.602,0.1,0.1,,7.889546351084812e-05,,,,,,,,1.0,7.889546351084812e-05,7.889546351084812e-05,9726.264652803626,239.37276704236865,46346.67539693415,47412.015322119,15253.410960036057,15460.70361328125,4.433420973557692,12.359375,0.1076923076923077,0.1076923076923077,0.1076923076923077,0.8923076923076924,,0.0,0.0,,37.0,15867.091274367092,0.0012584466200608474,20.222228064903845,49.777587890625,"{""chat"": 26, ""qa"": 21, ""summary"": 18}","{""unknown"": 65}","{""chat/unknown"": 26, ""qa/unknown"": 21, ""summary/unknown"": 18}",,,,,,,0.0999999999999999,1.0,"{""full_gpu"": 7, ""kivi_4bit_residual32"": 58}",,True,validated,,True,True,True,,43960.96684299968,47412.015322119,5012.636115219874,14481.505275854926,,,,,,
/DATACENTER3/zhenxiang.wang/work/TailGuardKV/.worktrees/baseline-smoke-final-aggregation/out/full_25session_baseline_9_14/full/policy_attempts/retry2_20260915/seed20260906/config.yaml,/DATACENTER3/zhenxiang.wang/work/TailGuardKV/.worktrees/baseline-smoke-final-aggregation/out/full_25session_baseline_9_14/full/policy_attempts/retry2_20260915/seed20260906,True,risk_evidence_insufficient,risk_evidence_insufficient,uncalibrated_dynamic,469.602,0.1,0.1,,0.003760683760683761,,,,,,,,0.8923076923076924,0.03689677843523998,0.003760683760683761,806.550610332191,160.64942884258926,213.35035795345902,227.7960409410298,15144.562034254808,15251.8046875,4.487372295673077,6.707763671875,0.0,0.0,0.0,1.0,7.246153846153846,0.0,0.0,,0.0,,0.00017970525301419773,50.72118389423077,81.0947265625,"{""chat"": 26, ""qa"": 21, ""summary"": 18}","{""unknown"": 65}","{""chat/unknown"": 26, ""qa/unknown"": 21, ""summary/unknown"": 18}",,,,,,,0.0999999999999999,0.0,"{""kivi_4bit_residual64"": 65}",,True,validated,,True,True,True,,201.53821003623307,227.7960409410298,144.42047751150452,2125.190830568826,,,,,,
/DATACENTER3/zhenxiang.wang/work/TailGuardKV/.worktrees/baseline-smoke-final-aggregation/out/full_25session_baseline_9_14/full/policy_attempts/retry2_20260915/seed20260906/config.yaml,/DATACENTER3/zhenxiang.wang/work/TailGuardKV/.worktrees/baseline-smoke-final-aggregation/out/full_25session_baseline_9_14/full/policy_attempts/retry2_20260915/seed20260906,True,risk_evidence_insufficient,risk_evidence_insufficient,utility_dynamic,469.602,0.1,0.1,,0.003760683760683761,,,,,,,,0.8923076923076924,0.03689677843523998,0.003760683760683761,829.1677475408006,157.4610040988773,216.62687603384256,236.20436200872064,15135.986162860578,15242.1767578125,3.6982684795673078,5.241455078125,0.0,0.0,0.0,1.0,7.246153846153846,0.0,0.0,,0.0,,0.0008767531468318059,42.26089618389423,62.2685546875,"{""chat"": 26, ""qa"": 21, ""summary"": 18}","{""unknown"": 65}","{""chat/unknown"": 26, ""qa/unknown"": 21, ""summary/unknown"": 18}",,,,,,,0.0999999999999999,0.0,"{""kivi_2bit_residual64"": 65}",,True,validated,,True,True,True,,203.44440010376275,236.20436200872064,148.74266789008217,2185.1965132463724,,,,,,
/DATACENTER3/zhenxiang.wang/work/TailGuardKV/.worktrees/baseline-smoke-final-aggregation/out/full_25session_baseline_9_14/full/policy_attempts/retry2_20260915/seed20260906/config.yaml,/DATACENTER3/zhenxiang.wang/work/TailGuardKV/.worktrees/baseline-smoke-final-aggregation/out/full_25session_baseline_9_14/full/policy_attempts/retry2_20260915/seed20260906,True,risk_evidence_insufficient,risk_evidence_insufficient,full_lru,1078.16,0.05,0.05,,,,,,,,,,0.0,,,744.8738578023532,88.15743122249842,106.39500105753541,126.55113218352199,15193.526810396635,15305.1865234375,8.978846153846154,15.5859375,0.0,0.0,1.0,0.0,,0.0,0.0,,0.0,,0.0,98.40889423076923,191.40625,"{""chat"": 26, ""qa"": 21, ""summary"": 18}","{""unknown"": 65}","{""chat/unknown"": 26, ""qa/unknown"": 21, ""summary/unknown"": 18}",,,,,,,0.0999999999999999,6.0,"{""full_gpu"": 65}",,True,validated,,True,True,False,,102.16237790882587,126.55113218352199,88.84467535222379,2054.76783859959,,,,,,
/DATACENTER3/zhenxiang.wang/work/TailGuardKV/.worktrees/baseline-smoke-final-aggregation/out/full_25session_baseline_9_14/full/policy_attempts/retry2_20260915/seed20260906/config.yaml,/DATACENTER3/zhenxiang.wang/work/TailGuardKV/.worktrees/baseline-smoke-final-aggregation/out/full_25session_baseline_9_14/full/policy_attempts/retry2_20260915/seed20260906,True,risk_evidence_insufficient,risk_evidence_insufficient,static_best,1078.16,0.05,0.05,,0.003760683760683761,,,,,,,,0.8923076923076924,0.03689677843523998,0.003760683760683761,791.5982112386765,163.11471303924918,208.6825070437044,217.96593395993114,15144.548843149038,15251.8046875,4.487372295673077,6.707763671875,0.0,0.0,0.0,1.0,,0.0,0.0,,0.0,,0.0,50.72118389423077,81.0947265625,"{""chat"": 26, ""qa"": 21, ""summary"": 18}","{""unknown"": 65}","{""chat/unknown"": 26, ""qa/unknown"": 21, ""summary/unknown"": 18}",,,,,,,0.0999999999999999,0.0,"{""kivi_4bit_residual64"": 65}",,True,validated,,True,True,False,,203.9122860878706,217.96593395993114,147.53130106255412,2075.1196627979093,,,,,,
/DATACENTER3/zhenxiang.wang/work/TailGuardKV/.worktrees/baseline-smoke-final-aggregation/out/full_25session_baseline_9_14/full/policy_attempts/retry2_20260915/seed20260906/config.yaml,/DATACENTER3/zhenxiang.wang/work/TailGuardKV/.worktrees/baseline-smoke-final-aggregation/out/full_25session_baseline_9_14/full/policy_attempts/retry2_20260915/seed20260906,True,risk_evidence_insufficient,risk_evidence_insufficient,static_safe,1078.16,0.05,0.05,,7.889546351084812e-05,,,,,,,,1.0,7.889546351084812e-05,7.889546351084812e-05,9658.33782964555,258.60173790715635,45628.84079489857,47426.655280912295,15253.410960036057,15460.70361328125,4.433420973557692,12.359375,0.1076923076923077,0.1076923076923077,0.1076923076923077,0.8923076923076924,,0.0,0.0,,37.0,15718.404362800808,0.00016121497521033655,20.222228064903845,49.777587890625,"{""chat"": 26, ""qa"": 21, ""summary"": 18}","{""unknown"": 65}","{""chat/unknown"": 26, ""qa/unknown"": 21, ""summary/unknown"": 18}",,,,,,,0.0999999999999999,1.0,"{""full_gpu"": 7, ""kivi_4bit_residual32"": 58}",,True,validated,,True,True,True,,43372.9426048249,47426.655280912295,5028.763606856133,14333.235638086499,,,,,,
/DATACENTER3/zhenxiang.wang/work/TailGuardKV/.worktrees/baseline-smoke-final-aggregation/out/full_25session_baseline_9_14/full/policy_attempts/retry2_20260915/seed20260906/config.yaml,/DATACENTER3/zhenxiang.wang/work/TailGuardKV/.worktrees/baseline-smoke-final-aggregation/out/full_25session_baseline_9_14/full/policy_attempts/retry2_20260915/seed20260906,True,risk_evidence_insufficient,risk_evidence_insufficient,uncalibrated_dynamic,1078.16,0.05,0.05,,0.003760683760683761,,,,,,,,0.8923076923076924,0.03689677843523998,0.003760683760683761,799.5342452805489,181.74259713850915,241.40010098926723,241.76001083105803,15144.548843149038,15251.8046875,4.487372295673077,6.707763671875,0.0,0.0,0.0,1.0,7.246153846153846,0.0,0.0,,0.0,,0.0,50.72118389423077,81.0947265625,"{""chat"": 26, ""qa"": 21, ""summary"": 18}","{""unknown"": 65}","{""chat/unknown"": 26, ""qa/unknown"": 21, ""summary/unknown"": 18}",,,,,,,0.0999999999999999,0.0,"{""kivi_4bit_residual64"": 65}",,True,validated,,True,True,False,,231.86468379572034,241.76001083105803,170.5863171077978,2052.9046829569224,,,,,,
/DATACENTER3/zhenxiang.wang/work/TailGuardKV/.worktrees/baseline-smoke-final-aggregation/out/full_25session_baseline_9_14/full/policy_attempts/retry2_20260915/seed20260906/config.yaml,/DATACENTER3/zhenxiang.wang/work/TailGuardKV/.worktrees/baseline-smoke-final-aggregation/out/full_25session_baseline_9_14/full/policy_attempts/retry2_20260915/seed20260906,True,risk_evidence_insufficient,risk_evidence_insufficient,utility_dynamic,1078.16,0.05,0.05,,0.003760683760683761,,,,,,,,0.8923076923076924,0.03689677843523998,0.003760683760683761,796.354786272261,180.58143509551883,233.44585904851556,238.00681787543,15135.986162860578,15242.1767578125,3.6982684795673078,5.241455078125,0.0,0.0,0.0,1.0,7.246153846153846,0.0,0.0,,0.0,,0.0,42.26089618389423,62.2685546875,"{""chat"": 26, ""qa"": 21, ""summary"": 18}","{""unknown"": 65}","{""chat/unknown"": 26, ""qa/unknown"": 21, ""summary/unknown"": 18}",,,,,,,0.0999999999999999,0.0,"{""kivi_2bit_residual64"": 65}",,True,validated,,True,True,False,,229.66274083591998,238.00681787543,170.572037414576,2043.6261599139239,,,,,,
/DATACENTER3/zhenxiang.wang/work/TailGuardKV/.worktrees/baseline-smoke-final-aggregation/out/full_25session_baseline_9_14/full/policy_attempts/retry2_20260915/seed20260906/config.yaml,/DATACENTER3/zhenxiang.wang/work/TailGuardKV/.worktrees/baseline-smoke-final-aggregation/out/full_25session_baseline_9_14/full/policy_attempts/retry2_20260915/seed20260906,True,risk_evidence_insufficient,risk_evidence_insufficient,full_lru,1078.16,0.05,0.1,,,,,,,,,,0.0,,,628.9590070153372,98.1023982167244,120.2640300616622,133.5111150983721,15193.526810396635,15305.1865234375,8.978846153846154,15.5859375,0.0,0.0,1.0,0.0,,0.0,0.0,,0.0,,0.0,98.40889423076923,191.40625,"{""chat"": 26, ""qa"": 21, ""summary"": 18}","{""unknown"": 65}","{""chat/unknown"": 26, ""qa/unknown"": 21, ""summary/unknown"": 18}",,,,,,,0.0999999999999999,6.0,"{""full_gpu"": 65}",,True,validated,,True,True,False,,113.91443014144897,133.5111150983721,94.6259658712034,1694.8882163675073,,,,,,
/DATACENTER3/zhenxiang.wang/work/TailGuardKV/.worktrees/baseline-smoke-final-aggregation/out/full_25session_baseline_9_14/full/policy_attempts/retry2_20260915/seed20260906/config.yaml,/DATACENTER3/zhenxiang.wang/work/TailGuardKV/.worktrees/baseline-smoke-final-aggregation/out/full_25session_baseline_9_14/full/policy_attempts/retry2_20260915/seed20260906,True,risk_evidence_insufficient,risk_evidence_insufficient,static_best,1078.16,0.05,0.1,,0.003760683760683761,,,,,,,,0.8923076923076924,0.03689677843523998,0.003760683760683761,809.9766102579637,174.50157017447054,238.22082206606865,243.07349394075572,15144.548843149038,15251.8046875,4.487372295673077,6.707763671875,0.0,0.0,0.0,1.0,,0.0,0.0,,0.0,,0.0,50.72118389423077,81.0947265625,"{""chat"": 26, ""qa"": 21, ""summary"": 18}","{""unknown"": 65}","{""chat/unknown"": 26, ""qa/unknown"": 21, ""summary/unknown"": 18}",,,,,,,0.0999999999999999,0.0,"{""kivi_4bit_residual64"": 65}",,True,validated,,True,True,False,,231.46720486693084,243.07349394075572,164.960451105323,2094.3503250284266,,,,,,
/DATACENTER3/zhenxiang.wang/work/TailGuardKV/.worktrees/baseline-smoke-final-aggregation/out/full_25session_baseline_9_14/full/policy_attempts/retry2_20260915/seed20260906/config.yaml,/DATACENTER3/zhenxiang.wang/work/TailGuardKV/.worktrees/baseline-smoke-final-aggregation/out/full_25session_baseline_9_14/full/policy_attempts/retry2_20260915/seed20260906,True,risk_evidence_insufficient,risk_evidence_insufficient,static_safe,1078.16,0.05,0.1,,7.889546351084812e-05,,,,,,,,1.0,7.889546351084812e-05,7.889546351084812e-05,9277.242227253375,258.1104109995067,44454.16699116118,45355.52114400454,15253.410960036057,15460.70361328125,4.433420973557692,12.359375,0.1076923076923077,0.1076923076923077,0.1076923076923077,0.8923076923076924,,0.0,0.0,,37.0,15087.57573038531,0.0001996003664456881,20.222228064903845,49.777587890625,"{""chat"": 26, ""qa"": 21, ""summary"": 18}","{""unknown"": 65}","{""chat/unknown"": 26, ""qa/unknown"": 21, ""summary/unknown"": 18}",,,,,,,0.0999999999999999,1.0,"{""full_gpu"": 7, ""kivi_4bit_residual32"": 58}",,True,validated,,True,True,True,,41062.73132021725,45355.52114400454,4741.3183859090395,13895.38521142261,,,,,,
/DATACENTER3/zhenxiang.wang/work/TailGuardKV/.worktrees/baseline-smoke-final-aggregation/out/full_25session_baseline_9_14/full/policy_attempts/retry2_20260915/seed20260906/config.yaml,/DATACENTER3/zhenxiang.wang/work/TailGuardKV/.worktrees/baseline-smoke-final-aggregation/out/full_25session_baseline_9_14/full/policy_attempts/retry2_20260915/seed20260906,True,risk_evidence_insufficient,risk_evidence_insufficient,uncalibrated_dynamic,1078.16,0.05,0.1,,0.003760683760683761,,,,,,,,0.8923076923076924,0.03689677843523998,0.003760683760683761,744.6505848810364,153.8942870683968,200.2439359202981,203.57156195677817,15144.548843149038,15251.8046875,4.487372295673077,6.707763671875,0.0,0.0,0.0,1.0,7.246153846153846,0.0,0.0,,0.0,,0.0,50.72118389423077,81.0947265625,"{""chat"": 26, ""qa"": 21, ""summary"": 18}","{""unknown"": 65}","{""chat/unknown"": 26, ""qa/unknown"": 21, ""summary/unknown"": 18}",,,,,,,0.0999999999999999,0.0,"{""kivi_4bit_residual64"": 65}",,True,validated,,True,True,False,,194.85683413222432,203.57156195677817,141.3799544545607,1947.0971838148741,,,,,,
/DATACENTER3/zhenxiang.wang/work/TailGuardKV/.worktrees/baseline-smoke-final-aggregation/out/full_25session_baseline_9_14/full/policy_attempts/retry2_20260915/seed20260906/config.yaml,/DATACENTER3/zhenxiang.wang/work/TailGuardKV/.worktrees/baseline-smoke-final-aggregation/out/full_25session_baseline_9_14/full/policy_attempts/retry2_20260915/seed20260906,True,risk_evidence_insufficient,risk_evidence_insufficient,utility_dynamic,1078.16,0.05,0.1,,0.003760683760683761,,,,,,,,0.8923076923076924,0.03689677843523998,0.003760683760683761,766.5172965285296,174.966145073995,234.11623504944146,243.94573597237468,15135.999353966346,15242.1767578125,3.6982684795673078,5.241455078125,0.0,0.0,0.0,1.0,7.246153846153846,0.0,0.0,,0.0,,0.0,42.26089618389423,62.2685546875,"{""chat"": 26, ""qa"": 21, ""summary"": 18}","{""unknown"": 65}","{""chat/unknown"": 26, ""qa/unknown"": 21, ""summary/unknown"": 18}",,,,,,,0.0999999999999999,0.0,"{""kivi_2bit_residual64"": 65}",,True,validated,,True,True,False,,227.17172093689442,243.94573597237468,160.35572861751112,1974.0530567839455,,,,,,
/DATACENTER3/zhenxiang.wang/work/TailGuardKV/.worktrees/baseline-smoke-final-aggregation/out/full_25session_baseline_9_14/full/policy_attempts/retry2_20260915/seed20260906/config.yaml,/DATACENTER3/zhenxiang.wang/work/TailGuardKV/.worktrees/baseline-smoke-final-aggregation/out/full_25session_baseline_9_14/full/policy_attempts/retry2_20260915/seed20260906,True,risk_evidence_insufficient,risk_evidence_insufficient,full_lru,1078.16,0.1,0.05,,,,,,,,,,0.0,,,728.6198534828253,111.01870518177748,127.307039918378,150.8945559617132,15193.526810396635,15305.1865234375,8.978846153846154,15.5859375,0.0,0.0,1.0,0.0,,0.0,0.0,,0.0,,0.0,98.40889423076923,191.40625,"{""chat"": 26, ""qa"": 21, ""summary"": 18}","{""unknown"": 65}","{""chat/unknown"": 26, ""qa/unknown"": 21, ""summary/unknown"": 18}",,,,,,,0.0999999999999999,6.0,"{""full_gpu"": 65}",,True,validated,,True,True,False,,125.14521088451147,150.8945559617132,109.28083165692023,1965.2626623735691,,,,,,
/DATACENTER3/zhenxiang.wang/work/TailGuardKV/.worktrees/baseline-smoke-final-aggregation/out/full_25session_baseline_9_14/full/policy_attempts/retry2_20260915/seed20260906/config.yaml,/DATACENTER3/zhenxiang.wang/work/TailGuardKV/.worktrees/baseline-smoke-final-aggregation/out/full_25session_baseline_9_14/full/policy_attempts/retry2_20260915/seed20260906,True,risk_evidence_insufficient,risk_evidence_insufficient,static_best,1078.16,0.1,0.05,,0.003760683760683761,,,,,,,,0.8923076923076924,0.03689677843523998,0.003760683760683761,771.6893443320806,163.89740305021405,237.6044348347932,246.58192601054907,15144.562034254808,15251.8046875,4.487372295673077,6.707763671875,0.0,0.0,0.0,1.0,,0.0,0.0,,0.0,,0.0,50.72118389423077,81.0947265625,"{""chat"": 26, ""qa"": 21, ""summary"": 18}","{""unknown"": 65}","{""chat/unknown"": 26, ""qa/unknown"": 21, ""summary/unknown"": 18}",,,,,,,0.0999999999999999,0.0,"{""kivi_4bit_residual64"": 65}",,True,validated,,True,True,False,,222.19467302784324,246.58192601054907,151.16582365276722,2005.9040644768625,,,,,,
/DATACENTER3/zhenxiang.wang/work/TailGuardKV/.worktrees/baseline-smoke-final-aggregation/out/full_25session_baseline_9_14/full/policy_attempts/retry2_20260915/seed20260906/config.yaml,/DATACENTER3/zhenxiang.wang/work/TailGuardKV/.worktrees/baseline-smoke-final-aggregation/out/full_25session_baseline_9_14/full/policy_attempts/retry2_20260915/seed20260906,True,risk_evidence_insufficient,risk_evidence_insufficient,static_safe,1078.16,0.1,0.05,,7.889546351084812e-05,,,,,,,,1.0,7.889546351084812e-05,7.889546351084812e-05,9228.07508197977,241.5637189988047,43958.43303003721,44682.090084750205,15253.410960036057,15460.70361328125,4.433420973557692,12.359375,0.1076923076923077,0.1076923076923077,0.1076923076923077,0.8923076923076924,,0.0,0.0,,37.0,15016.53006629973,0.0010738482842078576,20.222228064903845,49.777587890625,"{""chat"": 26, ""qa"": 21, ""summary"": 18}","{""unknown"": 65}","{""chat/unknown"": 26, ""qa/unknown"": 21, ""summary/unknown"": 18}",,,,,,,0.0999999999999999,1.0,"{""full_gpu"": 7, ""kivi_4bit_residual32"": 58}",,True,validated,,True,True,True,,41522.992703896016,44682.090084750205,4777.123749931587,13702.104607940293,,,,,,
/DATACENTER3/zhenxiang.wang/work/TailGuardKV/.worktrees/baseline-smoke-final-aggregation/out/full_25session_baseline_9_14/full/policy_attempts/retry2_20260915/seed20260906/config.yaml,/DATACENTER3/zhenxiang.wang/work/TailGuardKV/.worktrees/baseline-smoke-final-aggregation/out/full_25session_baseline_9_14/full/policy_attempts/retry2_20260915/seed20260906,True,risk_evidence_insufficient,risk_evidence_insufficient,uncalibrated_dynamic,1078.16,0.1,0.05,,0.003760683760683761,,,,,,,,0.8923076923076924,0.03689677843523998,0.003760683760683761,759.7823541026276,156.0331410728395,211.16968407295644,243.91195713542402,15144.548843149038,15251.8046875,4.487372295673077,6.707763671875,0.0,0.0,0.0,1.0,7.246153846153846,0.0,0.0,,0.0,,0.0,50.72118389423077,81.0947265625,"{""chat"": 26, ""qa"": 21, ""summary"": 18}","{""unknown"": 65}","{""chat/unknown"": 26, ""qa/unknown"": 21, ""summary/unknown"": 18}",,,,,,,0.0999999999999999,0.0,"{""kivi_4bit_residual64"": 65}",,True,validated,,True,True,False,,199.62071999907494,243.91195713542402,143.9444125379221,1985.8348230114636,,,,,,
/DATACENTER3/zhenxiang.wang/work/TailGuardKV/.worktrees/baseline-smoke-final-aggregation/out/full_25session_baseline_9_14/full/policy_attempts/retry2_20260915/seed20260906/config.yaml,/DATACENTER3/zhenxiang.wang/work/TailGuardKV/.worktrees/baseline-smoke-final-aggregation/out/full_25session_baseline_9_14/full/policy_attempts/retry2_20260915/seed20260906,True,risk_evidence_insufficient,risk_evidence_insufficient,utility_dynamic,1078.16,0.1,0.05,,0.003760683760683761,,,,,,,,0.8923076923076924,0.03689677843523998,0.003760683760683761,751.6052730143357,151.31946909241378,204.3035279493779,213.4581240825355,15135.986162860578,15242.1767578125,3.6982684795673078,5.241455078125,0.0,0.0,0.0,1.0,7.246153846153846,0.0,0.0,,0.0,,0.0,42.26089618389423,62.2685546875,"{""chat"": 26, ""qa"": 21, ""summary"": 18}","{""unknown"": 65}","{""chat/unknown"": 26, ""qa/unknown"": 21, ""summary/unknown"": 18}",,,,,,,0.0999999999999999,0.0,"{""kivi_2bit_residual64"": 65}",,True,validated,,True,True,False,,198.27124383300543,213.4581240825355,142.23865378433123,1965.6852836973392,,,,,,
/DATACENTER3/zhenxiang.wang/work/TailGuardKV/.worktrees/baseline-smoke-final-aggregation/out/full_25session_baseline_9_14/full/policy_attempts/retry2_20260915/seed20260906/config.yaml,/DATACENTER3/zhenxiang.wang/work/TailGuardKV/.worktrees/baseline-smoke-final-aggregation/out/full_25session_baseline_9_14/full/policy_attempts/retry2_20260915/seed20260906,True,risk_evidence_insufficient,risk_evidence_insufficient,full_lru,1078.16,0.1,0.1,,,,,,,,,,0.0,,,690.6037212398763,85.4369590524584,112.03313688747585,123.94786812365055,15193.526810396635,15305.1865234375,8.978846153846154,15.5859375,0.0,0.0,1.0,0.0,,0.0,0.0,,0.0,,0.0,98.40889423076923,191.40625,"{""chat"": 26, ""qa"": 21, ""summary"": 18}","{""unknown"": 65}","{""chat/unknown"": 26, ""qa/unknown"": 21, ""summary/unknown"": 18}",,,,,,,0.0999999999999999,6.0,"{""full_gpu"": 65}",,True,validated,,True,True,False,,106.56684497371316,123.94786812365055,82.2102818888827,1904.0417492967385,,,,,,
/DATACENTER3/zhenxiang.wang/work/TailGuardKV/.worktrees/baseline-smoke-final-aggregation/out/full_25session_baseline_9_14/full/policy_attempts/retry2_20260915/seed20260906/config.yaml,/DATACENTER3/zhenxiang.wang/work/TailGuardKV/.worktrees/baseline-smoke-final-aggregation/out/full_25session_baseline_9_14/full/policy_attempts/retry2_20260915/seed20260906,True,risk_evidence_insufficient,risk_evidence_insufficient,static_best,1078.16,0.1,0.1,,0.003760683760683761,,,,,,,,0.8923076923076924,0.03689677843523998,0.003760683760683761,759.895866089085,150.02378495410085,202.1892301272601,207.90915796533227,15144.548843149038,15251.8046875,4.487372295673077,6.707763671875,0.0,0.0,0.0,1.0,,0.0,0.0,,0.0,,0.0008919239044189453,50.72118389423077,81.0947265625,"{""chat"": 26, ""qa"": 21, ""summary"": 18}","{""unknown"": 65}","{""chat/unknown"": 26, ""qa/unknown"": 21, ""summary/unknown"": 18}",,,,,,,0.0999999999999999,0.0,"{""kivi_4bit_residual64"": 65}",,True,validated,,True,True,True,,194.2977588623762,207.90915796533227,142.45976559602872,1990.8552526551944,,,,,,
/DATACENTER3/zhenxiang.wang/work/TailGuardKV/.worktrees/baseline-smoke-final-aggregation/out/full_25session_baseline_9_14/full/policy_attempts/retry2_20260915/seed20260906/config.yaml,/DATACENTER3/zhenxiang.wang/work/TailGuardKV/.worktrees/baseline-smoke-final-aggregation/out/full_25session_baseline_9_14/full/policy_attempts/retry2_20260915/seed20260906,True,risk_evidence_insufficient,risk_evidence_insufficient,static_safe,1078.16,0.1,0.1,,7.889546351084812e-05,,,,,,,,1.0,7.889546351084812e-05,7.889546351084812e-05,9339.530412680913,251.35220494121313,44611.27071797848,45231.07520226017,15253.410960036057,15460.70361328125,4.433420973557692,12.359375,0.1076923076923077,0.1076923076923077,0.1076923076923077,0.8923076923076924,,0.0,0.0,,37.0,15226.517072015165,0.00049896607032189,20.222228064903845,49.777587890625,"{""chat"": 26, ""qa"": 21, ""summary"": 18}","{""unknown"": 65}","{""chat/unknown"": 26, ""qa/unknown"": 21, ""summary/unknown"": 18}",,,,,,,0.0999999999999999,1.0,"{""full_gpu"": 7, ""kivi_4bit_residual32"": 58}",,True,validated,,True,True,True,,41775.523709855974,45231.07520226017,4752.351928218597,14008.222103345193,,,,,,
/DATACENTER3/zhenxiang.wang/work/TailGuardKV/.worktrees/baseline-smoke-final-aggregation/out/full_25session_baseline_9_14/full/policy_attempts/retry2_20260915/seed20260906/config.yaml,/DATACENTER3/zhenxiang.wang/work/TailGuardKV/.worktrees/baseline-smoke-final-aggregation/out/full_25session_baseline_9_14/full/policy_attempts/retry2_20260915/seed20260906,True,risk_evidence_insufficient,risk_evidence_insufficient,uncalibrated_dynamic,1078.16,0.1,0.1,,0.003760683760683761,,,,,,,,0.8923076923076924,0.03689677843523998,0.003760683760683761,785.9231304992277,183.22843103669584,241.27964512445033,252.5942618958652,15144.562034254808,15251.8046875,4.487372295673077,6.707763671875,0.0,0.0,0.0,1.0,7.246153846153846,0.0,0.0,,0.0,,0.0,50.72118389423077,81.0947265625,"{""chat"": 26, ""qa"": 21, ""summary"": 18}","{""unknown"": 65}","{""chat/unknown"": 26, ""qa/unknown"": 21, ""summary/unknown"": 18}",,,,,,,0.0999999999999999,0.0,"{""kivi_4bit_residual64"": 65}",,True,validated,,True,True,False,,228.93016505986452,252.5942618958652,170.1018907273045,2011.579223405226,,,,,,
/DATACENTER3/zhenxiang.wang/work/TailGuardKV/.worktrees/baseline-smoke-final-aggregation/out/full_25session_baseline_9_14/full/policy_attempts/retry2_20260915/seed20260906/config.yaml,/DATACENTER3/zhenxiang.wang/work/TailGuardKV/.worktrees/baseline-smoke-final-aggregation/out/full_25session_baseline_9_14/full/policy_attempts/retry2_20260915/seed20260906,True,risk_evidence_insufficient,risk_evidence_insufficient,utility_dynamic,1078.16,0.1,0.1,,0.003760683760683761,,,,,,,,0.8923076923076924,0.03689677843523998,0.003760683760683761,789.0363745439797,181.27107387408614,234.94592402130365,244.71259210258722,15135.986162860578,15242.1767578125,3.6982684795673078,5.241455078125,0.0,0.0,0.0,1.0,7.246153846153846,0.0,0.0,,0.0,,0.0,42.26089618389423,62.2685546875,"{""chat"": 26, ""qa"": 21, ""summary"": 18}","{""unknown"": 65}","{""chat/unknown"": 26, ""qa/unknown"": 21, ""summary/unknown"": 18}",,,,,,,0.0999999999999999,0.0,"{""kivi_2bit_residual64"": 65}",,True,validated,,True,True,False,,222.8827360086143,244.71259210258722,167.32330639989902,2028.1434382493105,,,,,,
/DATACENTER3/zhenxiang.wang/work/TailGuardKV/.worktrees/baseline-smoke-final-aggregation/out/full_25session_baseline_9_14/full/policy_attempts/retry2_20260915/seed20260906/config.yaml,/DATACENTER3/zhenxiang.wang/work/TailGuardKV/.worktrees/baseline-smoke-final-aggregation/out/full_25session_baseline_9_14/full/policy_attempts/retry2_20260915/seed20260906,True,risk_evidence_insufficient,risk_evidence_insufficient,full_lru,1362.54,0.05,0.05,,,,,,,,,,0.0,,,695.1964875153624,84.71169089898467,105.33257690258324,113.71703911572695,15193.526810396635,15305.1865234375,8.978846153846154,15.5859375,0.0,0.0,1.0,0.0,,0.0,0.0,,0.0,,0.0,98.40889423076923,191.40625,"{""chat"": 26, ""qa"": 21, ""summary"": 18}","{""unknown"": 65}","{""chat/unknown"": 26, ""qa/unknown"": 21, ""summary/unknown"": 18}",,,,,,,0.0999999999999999,6.0,"{""full_gpu"": 65}",,True,validated,,True,True,False,,99.82953616417944,113.71703911572695,86.95017718710005,1909.294354531083,,,,,,
/DATACENTER3/zhenxiang.wang/work/TailGuardKV/.worktrees/baseline-smoke-final-aggregation/out/full_25session_baseline_9_14/full/policy_attempts/retry2_20260915/seed20260906/config.yaml,/DATACENTER3/zhenxiang.wang/work/TailGuardKV/.worktrees/baseline-smoke-final-aggregation/out/full_25session_baseline_9_14/full/policy_attempts/retry2_20260915/seed20260906,True,risk_evidence_insufficient,risk_evidence_insufficient,static_best,1362.54,0.05,0.05,,0.003760683760683761,,,,,,,,0.8923076923076924,0.03689677843523998,0.003760683760683761,796.0530811093747,185.0521839223802,236.10795801505446,240.6729208305478,15144.548843149038,15251.8046875,4.487372295673077,6.707763671875,0.0,0.0,0.0,1.0,,0.0,0.0,,0.0,,0.0,50.72118389423077,81.0947265625,"{""chat"": 26, ""qa"": 21, ""summary"": 18}","{""unknown"": 65}","{""chat/unknown"": 26, ""qa/unknown"": 21, ""summary/unknown"": 18}",,,,,,,0.0999999999999999,0.0,"{""kivi_4bit_residual64"": 65}",,True,validated,,True,True,False,,227.68981917761266,240.6729208305478,167.7961776033044,2044.7966612973466,,,,,,
/DATACENTER3/zhenxiang.wang/work/TailGuardKV/.worktrees/baseline-smoke-final-aggregation/out/full_25session_baseline_9_14/full/policy_attempts/retry2_20260915/seed20260906/config.yaml,/DATACENTER3/zhenxiang.wang/work/TailGuardKV/.worktrees/baseline-smoke-final-aggregation/out/full_25session_baseline_9_14/full/policy_attempts/retry2_20260915/seed20260906,True,risk_evidence_insufficient,risk_evidence_insufficient,static_safe,1362.54,0.05,0.05,,7.889546351084812e-05,,,,,,,,1.0,7.889546351084812e-05,7.889546351084812e-05,9282.463233854622,235.88580288924277,44806.91965496354,45214.89197382331,15253.410960036057,15460.70361328125,4.433420973557692,12.359375,0.1076923076923077,0.1076923076923077,0.1076923076923077,0.8923076923076924,,0.0,0.0,,37.0,15250.464276968376,0.0,20.222228064903845,49.777587890625,"{""chat"": 26, ""qa"": 21, ""summary"": 18}","{""unknown"": 65}","{""chat/unknown"": 26, ""qa/unknown"": 21, ""summary/unknown"": 18}",,,,,,,0.0999999999999999,1.0,"{""full_gpu"": 7, ""kivi_4bit_residual32"": 58}",,True,validated,,True,True,True,,41088.968972135335,45214.89197382331,4809.364054348521,13790.303745247453,,,,,,
/DATACENTER3/zhenxiang.wang/work/TailGuardKV/.worktrees/baseline-smoke-final-aggregation/out/full_25session_baseline_9_14/full/policy_attempts/retry2_20260915/seed20260906/config.yaml,/DATACENTER3/zhenxiang.wang/work/TailGuardKV/.worktrees/baseline-smoke-final-aggregation/out/full_25session_baseline_9_14/full/policy_attempts/retry2_20260915/seed20260906,True,risk_evidence_insufficient,risk_evidence_insufficient,uncalibrated_dynamic,1362.54,0.05,0.05,,0.003760683760683761,,,,,,,,0.8923076923076924,0.03689677843523998,0.003760683760683761,751.2103269232866,153.76013983041048,199.83709510415792,207.64316292479634,15144.548843149038,15251.8046875,4.487372295673077,6.707763671875,0.0,0.0,0.0,1.0,7.246153846153846,0.0,0.0,,0.0,,0.0,50.72118389423077,81.0947265625,"{""chat"": 26, ""qa"": 21, ""summary"": 18}","{""unknown"": 65}","{""chat/unknown"": 26, ""qa/unknown"": 21, ""summary/unknown"": 18}",,,,,,,0.0999999999999999,0.0,"{""kivi_4bit_residual64"": 65}",,True,validated,,True,True,False,,192.8792509716004,207.64316292479634,145.0320729555992,1959.2140612544636,,,,,,
/DATACENTER3/zhenxiang.wang/work/TailGuardKV/.worktrees/baseline-smoke-final-aggregation/out/full_25session_baseline_9_14/full/policy_attempts/retry2_20260915/seed20260906/config.yaml,/DATACENTER3/zhenxiang.wang/work/TailGuardKV/.worktrees/baseline-smoke-final-aggregation/out/full_25session_baseline_9_14/full/policy_attempts/retry2_20260915/seed20260906,True,risk_evidence_insufficient,risk_evidence_insufficient,utility_dynamic,1362.54,0.05,0.05,,0.003760683760683761,,,,,,,,0.8923076923076924,0.03689677843523998,0.003760683760683761,757.0124462403644,158.62386394292116,230.37640494294465,240.892254980281,15135.986162860578,15242.1767578125,3.6982684795673078,5.241455078125,0.0,0.0,0.0,1.0,7.246153846153846,0.0,0.0,,0.0,,0.0,42.26089618389423,62.2685546875,"{""chat"": 26, ""qa"": 21, ""summary"": 18}","{""unknown"": 65}","{""chat/unknown"": 26, ""qa/unknown"": 21, ""summary/unknown"": 18}",,,,,,,0.0999999999999999,0.0,"{""kivi_2bit_residual64"": 65}",,True,validated,,True,True,False,,205.96060808748007,240.892254980281,144.1366362421272,1977.4178466513467,,,,,,
/DATACENTER3/zhenxiang.wang/work/TailGuardKV/.worktrees/baseline-smoke-final-aggregation/out/full_25session_baseline_9_14/full/policy_attempts/retry2_20260915/seed20260906/config.yaml,/DATACENTER3/zhenxiang.wang/work/TailGuardKV/.worktrees/baseline-smoke-final-aggregation/out/full_25session_baseline_9_14/full/policy_attempts/retry2_20260915/seed20260906,True,risk_evidence_insufficient,risk_evidence_insufficient,full_lru,1362.54,0.05,0.1,,,,,,,,,,0.0,,,720.5583197939281,102.4175020866096,128.66973411291838,131.9454270415008,15193.526810396635,15305.1865234375,8.978846153846154,15.5859375,0.0,0.0,1.0,0.0,,0.0,0.0,,0.0,,0.0,98.40889423076923,191.40625,"{""chat"": 26, ""qa"": 21, ""summary"": 18}","{""unknown"": 65}","{""chat/unknown"": 26, ""qa/unknown"": 21, ""summary/unknown"": 18}",,,,,,,0.0999999999999999,6.0,"{""full_gpu"": 65}",,True,validated,,True,True,False,,122.5047220941633,131.9454270415008,100.13194201299204,1958.95997386228,,,,,,
/DATACENTER3/zhenxiang.wang/work/TailGuardKV/.worktrees/baseline-smoke-final-aggregation/out/full_25session_baseline_9_14/full/policy_attempts/retry2_20260915/seed20260906/config.yaml,/DATACENTER3/zhenxiang.wang/work/TailGuardKV/.worktrees/baseline-smoke-final-aggregation/out/full_25session_baseline_9_14/full/policy_attempts/retry2_20260915/seed20260906,True,risk_evidence_insufficient,risk_evidence_insufficient,static_best,1362.54,0.05,0.1,,0.003760683760683761,,,,,,,,0.8923076923076924,0.03689677843523998,0.003760683760683761,777.6372805356119,185.9178589656949,243.162038968876,246.65973405353725,15144.548843149038,15251.8046875,4.487372295673077,6.707763671875,0.0,0.0,0.0,1.0,,0.0,0.0,,0.0,,0.0,50.72118389423077,81.0947265625,"{""chat"": 26, ""qa"": 21, ""summary"": 18}","{""unknown"": 65}","{""chat/unknown"": 26, ""qa/unknown"": 21, ""summary/unknown"": 18}",,,,,,,0.0999999999999999,0.0,"{""kivi_4bit_residual64"": 65}",,True,validated,,True,True,False,,225.58899014256895,246.65973405353725,162.8414409700781,2000.1649857388093,,,,,,
/DATACENTER3/zhenxiang.wang/work/TailGuardKV/.worktrees/baseline-smoke-final-aggregation/out/full_25session_baseline_9_14/full/policy_attempts/retry2_20260915/seed20260906/config.yaml,/DATACENTER3/zhenxiang.wang/work/TailGuardKV/.worktrees/baseline-smoke-final-aggregation/out/full_25session_baseline_9_14/full/policy_attempts/retry2_20260915/seed20260906,True,risk_evidence_insufficient,risk_evidence_insufficient,static_safe,1362.54,0.05,0.1,,7.889546351084812e-05,,,,,,,,1.0,7.889546351084812e-05,7.889546351084812e-05,9296.509143571871,253.633304964751,44781.766260040924,45191.39290990867,15253.410960036057,15460.70361328125,4.433420973557692,12.359375,0.1076923076923077,0.1076923076923077,0.1076923076923077,0.8923076923076924,,0.0,0.0,,37.0,15145.324007450527,0.0004149840428278996,20.222228064903845,49.777587890625,"{""chat"": 26, ""qa"": 21, ""summary"": 18}","{""unknown"": 65}","{""chat/unknown"": 26, ""qa/unknown"": 21, ""summary/unknown"": 18}",,,,,,,0.0999999999999999,1.0,"{""full_gpu"": 7, ""kivi_4bit_residual32"": 58}",,True,validated,,True,True,True,,41414.37962205708,45191.39290990867,4797.446996105004,13837.093987082919,,,,,,
/DATACENTER3/zhenxiang.wang/work/TailGuardKV/.worktrees/baseline-smoke-final-aggregation/out/full_25session_baseline_9_14/full/policy_attempts/retry2_20260915/seed20260906/config.yaml,/DATACENTER3/zhenxiang.wang/work/TailGuardKV/.worktrees/baseline-smoke-final-aggregation/out/full_25session_baseline_9_14/full/policy_attempts/retry2_20260915/seed20260906,True,risk_evidence_insufficient,risk_evidence_insufficient,uncalibrated_dynamic,1362.54,0.05,0.1,,0.003760683760683761,,,,,,,,0.8923076923076924,0.03689677843523998,0.003760683760683761,800.8286553890086,180.00010307878256,239.1320050228387,243.18399000912905,15144.548843149038,15251.8046875,4.487372295673077,6.707763671875,0.0,0.0,0.0,1.0,7.246153846153846,0.0,0.0,,0.0,,0.0,50.72118389423077,81.0947265625,"{""chat"": 26, ""qa"": 21, ""summary"": 18}","{""unknown"": 65}","{""chat/unknown"": 26, ""qa/unknown"": 21, ""summary/unknown"": 18}",,,,,,,0.0999999999999999,0.0,"{""kivi_4bit_residual64"": 65}",,True,validated,,True,True,False,,233.12983522191644,243.18399000912905,166.73642220691994,2063.1799352108574,,,,,,
/DATACENTER3/zhenxiang.wang/work/TailGuardKV/.worktrees/baseline-smoke-final-aggregation/out/full_25session_baseline_9_14/full/policy_attempts/retry2_20260915/seed20260906/config.yaml,/DATACENTER3/zhenxiang.wang/work/TailGuardKV/.worktrees/baseline-smoke-final-aggregation/out/full_25session_baseline_9_14/full/policy_attempts/retry2_20260915/seed20260906,True,risk_evidence_insufficient,risk_evidence_insufficient,utility_dynamic,1362.54,0.05,0.1,,0.003760683760683761,,,,,,,,0.8923076923076924,0.03689677843523998,0.003760683760683761,821.2693096375236,179.63759996928275,233.08494011871517,250.1055661123246,15135.986162860578,15242.1767578125,3.6982684795673078,5.241455078125,0.0,0.0,0.0,1.0,7.246153846153846,0.0,0.0,,0.0,,0.00036115279564490684,42.26089618389423,62.2685546875,"{""chat"": 26, ""qa"": 21, ""summary"": 18}","{""unknown"": 65}","{""chat/unknown"": 26, ""qa/unknown"": 21, ""summary/unknown"": 18}",,,,,,,0.0999999999999999,0.0,"{""kivi_2bit_residual64"": 65}",,True,validated,,True,True,True,,228.21679315529764,250.1055661123246,167.56025941039508,2123.8126782515014,,,,,,
/DATACENTER3/zhenxiang.wang/work/TailGuardKV/.worktrees/baseline-smoke-final-aggregation/out/full_25session_baseline_9_14/full/policy_attempts/retry2_20260915/seed20260906/config.yaml,/DATACENTER3/zhenxiang.wang/work/TailGuardKV/.worktrees/baseline-smoke-final-aggregation/out/full_25session_baseline_9_14/full/policy_attempts/retry2_20260915/seed20260906,True,risk_evidence_insufficient,risk_evidence_insufficient,full_lru,1362.54,0.1,0.05,,,,,,,,,,0.0,,,726.1539741773445,109.10176089964807,126.89695600420237,133.7244240567088,15193.526810396635,15305.1865234375,8.978846153846154,15.5859375,0.0,0.0,1.0,0.0,,0.0,0.0,,0.0,,0.0,98.40889423076923,191.40625,"{""chat"": 26, ""qa"": 21, ""summary"": 18}","{""unknown"": 65}","{""chat/unknown"": 26, ""qa/unknown"": 21, ""summary/unknown"": 18}",,,,,,,0.0999999999999999,6.0,"{""full_gpu"": 65}",,True,validated,,True,True,False,,121.80019193328917,133.7244240567088,107.07077691689707,1962.7639841527034,,,,,,
/DATACENTER3/zhenxiang.wang/work/TailGuardKV/.worktrees/baseline-smoke-final-aggregation/out/full_25session_baseline_9_14/full/policy_attempts/retry2_20260915/seed20260906/config.yaml,/DATACENTER3/zhenxiang.wang/work/TailGuardKV/.worktrees/baseline-smoke-final-aggregation/out/full_25session_baseline_9_14/full/policy_attempts/retry2_20260915/seed20260906,True,risk_evidence_insufficient,risk_evidence_insufficient,static_best,1362.54,0.1,0.05,,0.003760683760683761,,,,,,,,0.8923076923076924,0.03689677843523998,0.003760683760683761,809.3910117178868,185.74093794450164,238.32813184708357,244.06906310468912,15144.548843149038,15251.8046875,4.487372295673077,6.707763671875,0.0,0.0,0.0,1.0,,0.0,0.0,,0.0,,0.0,50.72118389423077,81.0947265625,"{""chat"": 26, ""qa"": 21, ""summary"": 18}","{""unknown"": 65}","{""chat/unknown"": 26, ""qa/unknown"": 21, ""summary/unknown"": 18}",,,,,,,0.0999999999999999,0.0,"{""kivi_4bit_residual64"": 65}",,True,validated,,True,True,False,,230.79672805033624,244.06906310468912,169.47665693095098,2082.591263609265,,,,,,
/DATACENTER3/zhenxiang.wang/work/TailGuardKV/.worktrees/baseline-smoke-final-aggregation/out/full_25session_baseline_9_14/full/policy_attempts/retry2_20260915/seed20260906/config.yaml,/DATACENTER3/zhenxiang.wang/work/TailGuardKV/.worktrees/baseline-smoke-final-aggregation/out/full_25session_baseline_9_14/full/policy_attempts/retry2_20260915/seed20260906,True,risk_evidence_insufficient,risk_evidence_insufficient,static_safe,1362.54,0.1,0.05,,7.889546351084812e-05,,,,,,,,1.0,7.889546351084812e-05,7.889546351084812e-05,9461.348980874138,244.90449693985283,44891.25987795368,47765.507858105004,15253.410960036057,15460.70361328125,4.433420973557692,12.359375,0.1076923076923077,0.1076923076923077,0.1076923076923077,0.8923076923076924,,0.0,0.0,,37.0,15417.422891981749,0.0011308596684382513,20.222228064903845,49.777587890625,"{""chat"": 26, ""qa"": 21, ""summary"": 18}","{""unknown"": 65}","{""chat/unknown"": 26, ""qa/unknown"": 21, ""summary/unknown"": 18}",,,,,,,0.0999999999999999,1.0,"{""full_gpu"": 7, ""kivi_4bit_residual32"": 58}",,True,validated,,True,True,True,,41889.76062384248,47765.507858105004,4981.394613358693,14099.838772485806,,,,,,
/DATACENTER3/zhenxiang.wang/work/TailGuardKV/.worktrees/baseline-smoke-final-aggregation/out/full_25session_baseline_9_14/full/policy_attempts/retry2_20260915/seed20260906/config.yaml,/DATACENTER3/zhenxiang.wang/work/TailGuardKV/.worktrees/baseline-smoke-final-aggregation/out/full_25session_baseline_9_14/full/policy_attempts/retry2_20260915/seed20260906,True,risk_evidence_insufficient,risk_evidence_insufficient,uncalibrated_dynamic,1362.54,0.1,0.05,,0.003760683760683761,,,,,,,,0.8923076923076924,0.03689677843523998,0.003760683760683761,766.1216232707294,149.20084504410625,223.43897097744048,232.39591205492616,15144.548843149038,15251.8046875,4.487372295673077,6.707763671875,0.0,0.0,0.0,1.0,7.246153846153846,0.0,0.0,,0.0,,0.00033304507915790264,50.72118389423077,81.0947265625,"{""chat"": 26, ""qa"": 21, ""summary"": 18}","{""unknown"": 65}","{""chat/unknown"": 26, ""qa/unknown"": 21, ""summary/unknown"": 18}",,,,,,,0.0999999999999999,0.0,"{""kivi_4bit_residual64"": 65}",,True,validated,,True,True,True,,205.13860206119716,232.39591205492616,145.2305105013343,2004.3545598798646,,,,,,
/DATACENTER3/zhenxiang.wang/work/TailGuardKV/.worktrees/baseline-smoke-final-aggregation/out/full_25session_baseline_9_14/full/policy_attempts/retry2_20260915/seed20260906/config.yaml,/DATACENTER3/zhenxiang.wang/work/TailGuardKV/.worktrees/baseline-smoke-final-aggregation/out/full_25session_baseline_9_14/full/policy_attempts/retry2_20260915/seed20260906,True,risk_evidence_insufficient,risk_evidence_insufficient,utility_dynamic,1362.54,0.1,0.05,,0.003760683760683761,,,,,,,,0.8923076923076924,0.03689677843523998,0.003760683760683761,749.729565601452,149.6665438171476,206.53410092927516,221.9554609619081,15135.986162860578,15242.1767578125,3.6982684795673078,5.241455078125,0.0,0.0,0.0,1.0,7.246153846153846,0.0,0.0,,0.0,,0.00015701514024000902,42.26089618389423,62.2685546875,"{""chat"": 26, ""qa"": 21, ""summary"": 18}","{""unknown"": 65}","{""chat/unknown"": 26, ""qa/unknown"": 21, ""summary/unknown"": 18}",,,,,,,0.0999999999999999,0.0,"{""kivi_2bit_residual64"": 65}",,True,validated,,True,True,True,,195.14780910685658,221.9554609619081,142.5117438265051,1960.293705399621,,,,,,
/DATACENTER3/zhenxiang.wang/work/TailGuardKV/.worktrees/baseline-smoke-final-aggregation/out/full_25session_baseline_9_14/full/policy_attempts/retry2_20260915/seed20260906/config.yaml,/DATACENTER3/zhenxiang.wang/work/TailGuardKV/.worktrees/baseline-smoke-final-aggregation/out/full_25session_baseline_9_14/full/policy_attempts/retry2_20260915/seed20260906,True,risk_evidence_insufficient,risk_evidence_insufficient,full_lru,1362.54,0.1,0.1,,,,,,,,,,0.0,,,692.0052165763309,107.92970401234925,126.27791799604893,133.20551090873778,15193.526810396635,15305.1865234375,8.978846153846154,15.5859375,0.0,0.0,1.0,0.0,,0.0,0.0,,0.0,,0.0,98.40889423076923,191.40625,"{""chat"": 26, ""qa"": 21, ""summary"": 18}","{""unknown"": 65}","{""chat/unknown"": 26, ""qa/unknown"": 21, ""summary/unknown"": 18}",,,,,,,0.0999999999999999,6.0,"{""full_gpu"": 65}",,True,validated,,True,True,False,,121.99900508858263,133.20551090873778,101.8473024874066,1868.9505968710837,,,,,,
/DATACENTER3/zhenxiang.wang/work/TailGuardKV/.worktrees/baseline-smoke-final-aggregation/out/full_25session_baseline_9_14/full/policy_attempts/retry2_20260915/seed20260906/config.yaml,/DATACENTER3/zhenxiang.wang/work/TailGuardKV/.worktrees/baseline-smoke-final-aggregation/out/full_25session_baseline_9_14/full/policy_attempts/retry2_20260915/seed20260906,True,risk_evidence_insufficient,risk_evidence_insufficient,static_best,1362.54,0.1,0.1,,0.003760683760683761,,,,,,,,0.8923076923076924,0.03689677843523998,0.003760683760683761,766.9150185663826,152.72454381920397,228.62203605473042,233.86039398610592,15144.548843149038,15251.8046875,4.487372295673077,6.707763671875,0.0,0.0,0.0,1.0,,0.0,0.0,,0.0,,0.0,50.72118389423077,81.0947265625,"{""chat"": 26, ""qa"": 21, ""summary"": 18}","{""unknown"": 65}","{""chat/unknown"": 26, ""qa/unknown"": 21, ""summary/unknown"": 18}",,,,,,,0.0999999999999999,0.0,"{""kivi_4bit_residual64"": 65}",,True,validated,,True,True,False,,197.70944816991687,233.86039398610592,144.75468348066968,2006.2259561489695,,,,,,
/DATACENTER3/zhenxiang.wang/work/TailGuardKV/.worktrees/baseline-smoke-final-aggregation/out/full_25session_baseline_9_14/full/policy_attempts/retry2_20260915/seed20260906/config.yaml,/DATACENTER3/zhenxiang.wang/work/TailGuardKV/.worktrees/baseline-smoke-final-aggregation/out/full_25session_baseline_9_14/full/policy_attempts/retry2_20260915/seed20260906,True,risk_evidence_insufficient,risk_evidence_insufficient,static_safe,1362.54,0.1,0.1,,7.889546351084812e-05,,,,,,,,1.0,7.889546351084812e-05,7.889546351084812e-05,9387.809148449278,241.01678607985377,44654.17343711853,45129.65761006065,15253.410960036057,15460.70361328125,4.433420973557692,12.359375,0.1076923076923077,0.1076923076923077,0.1076923076923077,0.8923076923076924,,0.0,0.0,,37.0,15287.827872562248,0.0005122918349045974,20.222228064903845,49.777587890625,"{""chat"": 26, ""qa"": 21, ""summary"": 18}","{""unknown"": 65}","{""chat/unknown"": 26, ""qa/unknown"": 21, ""summary/unknown"": 18}",,,,,,,0.0999999999999999,1.0,"{""full_gpu"": 7, ""kivi_4bit_residual32"": 58}",,True,validated,,True,True,True,,41383.21690303646,45129.65761006065,4852.423034785029,14014.793638670159,,,,,,
/DATACENTER3/zhenxiang.wang/work/TailGuardKV/.worktrees/baseline-smoke-final-aggregation/out/full_25session_baseline_9_14/full/policy_attempts/retry2_20260915/seed20260906/config.yaml,/DATACENTER3/zhenxiang.wang/work/TailGuardKV/.worktrees/baseline-smoke-final-aggregation/out/full_25session_baseline_9_14/full/policy_attempts/retry2_20260915/seed20260906,True,risk_evidence_insufficient,risk_evidence_insufficient,uncalibrated_dynamic,1362.54,0.1,0.1,,0.003760683760683761,,,,,,,,0.8923076923076924,0.03689677843523998,0.003760683760683761,769.0569861757067,153.6031160503626,203.68620986118913,233.13678009435534,15144.548843149038,15251.8046875,4.487372295673077,6.707763671875,0.0,0.0,0.0,1.0,7.246153846153846,0.0,0.0,,0.0,,0.0,50.72118389423077,81.0947265625,"{""chat"": 26, ""qa"": 21, ""summary"": 18}","{""unknown"": 65}","{""chat/unknown"": 26, ""qa/unknown"": 21, ""summary/unknown"": 18}",,,,,,,0.0999999999999999,0.0,"{""kivi_4bit_residual64"": 65}",,True,validated,,True,True,False,,196.25732419081032,233.13678009435534,141.84405105904892,2017.8781539096856,,,,,,
/DATACENTER3/zhenxiang.wang/work/TailGuardKV/.worktrees/baseline-smoke-final-aggregation/out/full_25session_baseline_9_14/full/policy_attempts/retry2_20260915/seed20260906/config.yaml,/DATACENTER3/zhenxiang.wang/work/TailGuardKV/.worktrees/baseline-smoke-final-aggregation/out/full_25session_baseline_9_14/full/policy_attempts/retry2_20260915/seed20260906,True,risk_evidence_insufficient,risk_evidence_insufficient,utility_dynamic,1362.54,0.1,0.1,,0.003760683760683761,,,,,,,,0.8923076923076924,0.03689677843523998,0.003760683760683761,827.7058372865503,153.96228898316622,211.54635306447744,224.3085252121091,15135.986162860578,15242.1767578125,3.6982684795673078,5.241455078125,0.0,0.0,0.0,1.0,7.246153846153846,0.0,0.0,,0.0,,0.0,42.26089618389423,62.2685546875,"{""chat"": 26, ""qa"": 21, ""summary"": 18}","{""unknown"": 65}","{""chat/unknown"": 26, ""qa/unknown"": 21, ""summary/unknown"": 18}",,,,,,,0.0999999999999999,0.0,"{""kivi_2bit_residual64"": 65}",,True,validated,,True,True,False,,205.77374403364956,224.3085252121091,143.68532149192805,2187.964028960151,,,,,,
