adapter,error,latency_ms,measured,ok,output_text,peak_memory_mib,profile,quality_loss,quality_score,request_id,resident_memory_mib,ttft_ms,length_bucket,split,task,extra_backend,extra_bits,extra_builtin_request_fallback,extra_env,extra_error_type,extra_family,extra_h2o_recent_size,extra_h2o_selected_size,extra_kivi_bits,extra_kivi_group_size,extra_kivi_residual_length,extra_metric_em,extra_metric_f1,extra_metric_rouge_l,extra_model,extra_original_request_id,extra_profile_note,extra_reference,extra_repeat_index,extra_request_source,extra_returncode,extra_note,extra_strategy,extra_unsupported,extra_vllm_cache_hits,extra_vllm_cache_misses,extra_vllm_cached_blocks,extra_vllm_evictions,extra_vllm_policy_time_ms,extra_vllm_eviction_decision_time_ms
full,,2557.674892246723,True,True," Is it based on a consensus of experts or some other method?
The establishment of",4289.59130859375,full_gpu,0.0,1.0,longbench_qasper_000000,8695.15625,2557.674892246723,short,calibration,qa_long_context,transformers,,false,,,full,,,,,,0.0,0.0,0.0,/DATACENTER3/zhenxiang.wang/resource/Qwen2.5-7B-Instruct,,full/exact transformers smoke,,,zai-org/LongBench,,,,,,,,,,
full,,2568.9464174211025,True,True, GhostVLAD is a method used in computer vision and deep learning for image and,4288.20458984375,full_gpu,0.0,1.0,longbench_qasper_000001,8648.3125,2568.9464174211025,short,calibration,qa_long_context,transformers,,false,,,full,,,,,,0.0,0.0,0.0,/DATACENTER3/zhenxiang.wang/resource/Qwen2.5-7B-Instruct,,full/exact transformers smoke,,,zai-org/LongBench,,,,,,,,,,
full,,2561.543483287096,True,True," The performance improvement of a model can be measured in various ways, such as accuracy",4292.36083984375,full_gpu,0.0,1.0,longbench_qasper_000002,8623.4296875,2561.543483287096,short,calibration,qa_long_context,transformers,,false,,,full,,,,,,0.0,0.0,0.0,/DATACENTER3/zhenxiang.wang/resource/Qwen2.5-7B-Instruct,,full/exact transformers smoke,,,zai-org/LongBench,,,,,,,,,,
full,,2558.4367737174034,True,True, Answer according to: The following is a list of features and context that I would,4288.20458984375,full_gpu,0.0,1.0,longbench_qasper_000003,8688.72265625,2558.4367737174034,short,calibration,qa_long_context,transformers,,false,,,full,,,,,,0.0,0.0,0.0,/DATACENTER3/zhenxiang.wang/resource/Qwen2.5-7B-Instruct,,full/exact transformers smoke,,,zai-org/LongBench,,,,,,,,,,
full,,2580.326985567808,True,True, Respond in 2 sentences. Facebook does not disclose the specific pages that users look,4288.20458984375,full_gpu,0.0,1.0,longbench_qasper_000004,8695.9609375,2580.326985567808,short,calibration,qa_long_context,transformers,,false,,,full,,,,,,0.0,0.0,0.0,/DATACENTER3/zhenxiang.wang/resource/Qwen2.5-7B-Instruct,,full/exact transformers smoke,,,zai-org/LongBench,,,,,,,,,,
full,,2567.78759136796,True,True," If not, what languages are included?
To determine whether the hashtag and SemEval",4290.57958984375,full_gpu,0.0,1.0,longbench_qasper_000005,8628.046875,2567.78759136796,short,calibration,qa_long_context,transformers,,false,,,full,,,,,,0.0,0.0,0.0,/DATACENTER3/zhenxiang.wang/resource/Qwen2.5-7B-Instruct,,full/exact transformers smoke,,,zai-org/LongBench,,,,,,,,,,
full,,2633.321490138769,True,True," The task involves analyzing a set of customer reviews and categorizing them into positive,",4289.59130859375,full_gpu,0.0,1.0,longbench_qasper_000006,8624.6953125,2633.321490138769,short,calibration,qa_long_context,transformers,,false,,,full,,,,,,0.0,0.0,0.0,/DATACENTER3/zhenxiang.wang/resource/Qwen2.5-7B-Instruct,,full/exact transformers smoke,,,zai-org/LongBench,,,,,,,,,,
full,,2649.7300155460835,True,True, The datasets used for evaluation can vary depending on the specific task or application. However,4288.20458984375,full_gpu,0.0,1.0,longbench_qasper_000007,8672.90234375,2649.7300155460835,short,calibration,qa_long_context,transformers,,false,,,full,,,,,,0.0,0.0,0.0,/DATACENTER3/zhenxiang.wang/resource/Qwen2.5-7B-Instruct,,full/exact transformers smoke,,,zai-org/LongBench,,,,,,,,,,
full,,2559.031017124653,True,True," The proposed approach, which utilizes a combination of word embeddings and a novel method for",4291.76708984375,full_gpu,0.0,1.0,longbench_qasper_000008,8671.078125,2559.031017124653,short,calibration,qa_long_context,transformers,,false,,,full,,,,,,0.0,0.0,0.0,/DATACENTER3/zhenxiang.wang/resource/Qwen2.5-7B-Instruct,,full/exact transformers smoke,,,zai-org/LongBench,,,,,,,,,,
full,,2547.5747026503086,True,True, Ensemble methods in machine learning combine multiple models to improve the overall performance and robustness,4287.61083984375,full_gpu,0.0,1.0,longbench_qasper_000009,8689.01953125,2547.5747026503086,short,calibration,qa_long_context,transformers,,false,,,full,,,,,,0.0,0.0,0.0,/DATACENTER3/zhenxiang.wang/resource/Qwen2.5-7B-Instruct,,full/exact transformers smoke,,,zai-org/LongBench,,,,,,,,,,
full,,2519.481286406517,True,True, The sources of the datasets can vary widely depending on the specific dataset and its intended,4288.20458984375,full_gpu,0.0,1.0,longbench_qasper_000010,8690.109375,2519.481286406517,short,calibration,qa_long_context,transformers,,false,,,full,,,,,,0.0,0.0,0.0,/DATACENTER3/zhenxiang.wang/resource/Qwen2.5-7B-Instruct,,full/exact transformers smoke,,,zai-org/LongBench,,,,,,,,,,
full,,2622.744958847761,True,True," Please provide a detailed explanation.
I'm sorry, but you haven't provided any",4288.20458984375,full_gpu,0.0,1.0,longbench_qasper_000011,8693.3515625,2622.744958847761,short,calibration,qa_long_context,transformers,,false,,,full,,,,,,0.0,0.0,0.0,/DATACENTER3/zhenxiang.wang/resource/Qwen2.5-7B-Instruct,,full/exact transformers smoke,,,zai-org/LongBench,,,,,,,,,,
full,,2551.5268966555595,True,True, The sentiment analysis dataset used in this project is the Stanford Sentiment Treebank (,4287.61083984375,full_gpu,0.0,1.0,longbench_qasper_000012,8650.62109375,2551.5268966555595,short,calibration,qa_long_context,transformers,,false,,,full,,,,,,0.0,0.0,0.0,/DATACENTER3/zhenxiang.wang/resource/Qwen2.5-7B-Instruct,,full/exact transformers smoke,,,zai-org/LongBench,,,,,,,,,,
full,,2602.628353983164,True,True," The accuracy of a proposed system can vary widely depending on the specific context, type",4288.20458984375,full_gpu,0.0,1.0,longbench_qasper_000013,8691.12890625,2602.628353983164,short,calibration,qa_long_context,transformers,,false,,,full,,,,,,0.0,0.0,0.0,/DATACENTER3/zhenxiang.wang/resource/Qwen2.5-7B-Instruct,,full/exact transformers smoke,,,zai-org/LongBench,,,,,,,,,,
full,,2640.793841332197,True,True," If so, what were the results?
I apologize, but I don't have",4288.20458984375,full_gpu,0.0,1.0,longbench_qasper_000014,8672.875,2640.793841332197,short,calibration,qa_long_context,transformers,,false,,,full,,,,,,0.0,0.0,0.0,/DATACENTER3/zhenxiang.wang/resource/Qwen2.5-7B-Instruct,,full/exact transformers smoke,,,zai-org/LongBench,,,,,,,,,,
full,,2612.3074740171432,True,True," The datasets used in this project include the following:

1. **IMDB Dataset",4286.42333984375,full_gpu,0.0,1.0,longbench_qasper_000015,8669.55859375,2612.3074740171432,short,calibration,qa_long_context,transformers,,false,,,full,,,,,,0.0,0.0,0.0,/DATACENTER3/zhenxiang.wang/resource/Qwen2.5-7B-Instruct,,full/exact transformers smoke,,,zai-org/LongBench,,,,,,,,,,
full,,2574.0478225052357,True,True," To determine which stock market sector achieved the best performance, we need to look at",4289.57763671875,full_gpu,0.0,1.0,longbench_qasper_000016,8671.39453125,2574.0478225052357,short,calibration,qa_long_context,transformers,,false,,,full,,,,,,0.0,0.0,0.0,/DATACENTER3/zhenxiang.wang/resource/Qwen2.5-7B-Instruct,,full/exact transformers smoke,,,zai-org/LongBench,,,,,,,,,,
full,,2532.6618291437626,True,True," In the paper ""A Neural Conversational Model"" by Vinyals and Le",4289.57763671875,full_gpu,0.0,1.0,longbench_qasper_000017,8695.796875,2532.6618291437626,short,calibration,qa_long_context,transformers,,false,,,full,,,,,,0.0,0.0,0.0,/DATACENTER3/zhenxiang.wang/resource/Qwen2.5-7B-Instruct,,full/exact transformers smoke,,,zai-org/LongBench,,,,,,,,,,
full,,2519.8019444942474,True,True, I am reading a paper and it mentions that the loss function is regularized by,4287.61083984375,full_gpu,0.0,1.0,longbench_qasper_000018,8629.94921875,2519.8019444942474,short,calibration,qa_long_context,transformers,,false,,,full,,,,,,0.0,0.0,0.0,/DATACENTER3/zhenxiang.wang/resource/Qwen2.5-7B-Instruct,,full/exact transformers smoke,,,zai-org/LongBench,,,,,,,,,,
full,,2569.020375609398,True,True, The baselines are the reference points for the project. They are used to measure,4287.53662109375,full_gpu,0.0,1.0,longbench_qasper_000019,8648.41015625,2569.020375609398,short,calibration,qa_long_context,transformers,,false,,,full,,,,,,0.0,0.0,0.0,/DATACENTER3/zhenxiang.wang/resource/Qwen2.5-7B-Instruct,,full/exact transformers smoke,,,zai-org/LongBench,,,,,,,,,,
full,,2581.202581524849,True,True, The difference between the two years is 100 - 80 =,4287.61083984375,full_gpu,0.0,1.0,longbench_qasper_000020,8597.7265625,2581.202581524849,short,calibration,qa_long_context,transformers,,false,,,full,,,,,,0.0,0.0,0.0,/DATACENTER3/zhenxiang.wang/resource/Qwen2.5-7B-Instruct,,full/exact transformers smoke,,,zai-org/LongBench,,,,,,,,,,
full,,2660.9479673206806,True,True, The model improves interpretability by using a novel approach that allows for the direct interpretation,4290.57958984375,full_gpu,0.0,1.0,longbench_qasper_000021,8671.8828125,2660.9479673206806,short,calibration,qa_long_context,transformers,,false,,,full,,,,,,0.0,0.0,0.0,/DATACENTER3/zhenxiang.wang/resource/Qwen2.5-7B-Instruct,,full/exact transformers smoke,,,zai-org/LongBench,,,,,,,,,,
full,,2533.324334770441,True,True," The term ""baseline"" can have different meanings depending on the context. Here are",4286.42333984375,full_gpu,0.0,1.0,longbench_qasper_000022,8678.1015625,2533.324334770441,short,calibration,qa_long_context,transformers,,false,,,full,,,,,,0.0,0.0,0.0,/DATACENTER3/zhenxiang.wang/resource/Qwen2.5-7B-Instruct,,full/exact transformers smoke,,,zai-org/LongBench,,,,,,,,,,
full,,2521.058067679405,True,True," In the context of machine learning, there are several metrics that can be used to",4287.61083984375,full_gpu,0.0,1.0,longbench_qasper_000023,8617.79296875,2521.058067679405,short,calibration,qa_long_context,transformers,,false,,,full,,,,,,0.0,0.0,0.0,/DATACENTER3/zhenxiang.wang/resource/Qwen2.5-7B-Instruct,,full/exact transformers smoke,,,zai-org/LongBench,,,,,,,,,,
full,,2558.3141036331654,True,True," I'm trying to understand the attention mechanism in neural networks, particularly in the context",4288.20458984375,full_gpu,0.0,1.0,longbench_qasper_000024,8696.92578125,2558.3141036331654,short,calibration,qa_long_context,transformers,,false,,,full,,,,,,0.0,0.0,0.0,/DATACENTER3/zhenxiang.wang/resource/Qwen2.5-7B-Instruct,,full/exact transformers smoke,,,zai-org/LongBench,,,,,,,,,,
full,,2577.7634792029858,True,True, The baselines are the reference points for the project. They are used to measure,4287.53662109375,full_gpu,0.0,1.0,longbench_qasper_000100,8630.26953125,2577.7634792029858,short,eval,qa_long_context,transformers,,false,,,full,,,,,,0.0,0.0,0.0,/DATACENTER3/zhenxiang.wang/resource/Qwen2.5-7B-Instruct,,full/exact transformers smoke,,,zai-org/LongBench,,,,,,,,,,
full,,2658.461879938841,True,True," Please provide a brief explanation for your answer.
I'm sorry, but I need",4289.98583984375,full_gpu,0.0,1.0,longbench_qasper_000101,8676.00390625,2658.461879938841,short,eval,qa_long_context,transformers,,false,,,full,,,,,,0.0,0.0,0.0,/DATACENTER3/zhenxiang.wang/resource/Qwen2.5-7B-Instruct,,full/exact transformers smoke,,,zai-org/LongBench,,,,,,,,,,
full,,2595.951374620199,True,True," In the experiment, we use a variety of models to analyze and predict different aspects",4288.20458984375,full_gpu,0.0,1.0,longbench_qasper_000102,8624.90234375,2595.951374620199,short,eval,qa_long_context,transformers,,false,,,full,,,,,,0.0,0.0,0.0,/DATACENTER3/zhenxiang.wang/resource/Qwen2.5-7B-Instruct,,full/exact transformers smoke,,,zai-org/LongBench,,,,,,,,,,
full,,2538.0693897604942,True,True," I'm not sure if this is the right place to ask, but I'll",4290.57958984375,full_gpu,0.0,1.0,longbench_qasper_000103,8672.63671875,2538.0693897604942,short,eval,qa_long_context,transformers,,false,,,full,,,,,,0.0,0.0,0.0,/DATACENTER3/zhenxiang.wang/resource/Qwen2.5-7B-Instruct,,full/exact transformers smoke,,,zai-org/LongBench,,,,,,,,,,
full,,2766.875308007002,True,True," I'm sorry, but you haven't provided any context about which specific model or",4287.61083984375,full_gpu,0.0,1.0,longbench_qasper_000104,8595.921875,2766.875308007002,short,eval,qa_long_context,transformers,,false,,,full,,,,,,0.0,0.0,0.0,/DATACENTER3/zhenxiang.wang/resource/Qwen2.5-7B-Instruct,,full/exact transformers smoke,,,zai-org/LongBench,,,,,,,,,,
full,,2897.752743214369,True,True," I'm sorry, but I would need more information to answer your question. Can",4289.57763671875,full_gpu,0.0,1.0,longbench_qasper_000105,8667.5078125,2897.752743214369,short,eval,qa_long_context,transformers,,false,,,full,,,,,,0.0,0.0,0.0,/DATACENTER3/zhenxiang.wang/resource/Qwen2.5-7B-Instruct,,full/exact transformers smoke,,,zai-org/LongBench,,,,,,,,,,
full,,2656.8953208625317,True,True," In reinforcement learning, the combination of rewards is a key concept that refers to how",4289.59130859375,full_gpu,0.0,1.0,longbench_qasper_000106,8650.41796875,2656.8953208625317,short,eval,qa_long_context,transformers,,false,,,full,,,,,,0.0,0.0,0.0,/DATACENTER3/zhenxiang.wang/resource/Qwen2.5-7B-Instruct,,full/exact transformers smoke,,,zai-org/LongBench,,,,,,,,,,
full,,2619.298715144396,True,True, Answer according to: The authors demonstrate that their model can be used to predict the,4290.57958984375,full_gpu,0.0,1.0,longbench_qasper_000107,8647.51953125,2619.298715144396,short,eval,qa_long_context,transformers,,false,,,full,,,,,,0.0,0.0,0.0,/DATACENTER3/zhenxiang.wang/resource/Qwen2.5-7B-Instruct,,full/exact transformers smoke,,,zai-org/LongBench,,,,,,,,,,
full,,2563.772026449442,True,True," What were the results?
I'm sorry, but I need more context to provide",4288.20458984375,full_gpu,0.0,1.0,longbench_qasper_000108,8677.984375,2563.772026449442,short,eval,qa_long_context,transformers,,false,,,full,,,,,,0.0,0.0,0.0,/DATACENTER3/zhenxiang.wang/resource/Qwen2.5-7B-Instruct,,full/exact transformers smoke,,,zai-org/LongBench,,,,,,,,,,
full,,2545.6271208822727,True,True, The researchers found that the distribution of the number of books read by students in a,4287.53662109375,full_gpu,0.0,1.0,longbench_qasper_000109,8661.3203125,2545.6271208822727,short,eval,qa_long_context,transformers,,false,,,full,,,,,,0.0,0.0,0.0,/DATACENTER3/zhenxiang.wang/resource/Qwen2.5-7B-Instruct,,full/exact transformers smoke,,,zai-org/LongBench,,,,,,,,,,
full,,2581.527791917324,True,True, Is it from a specific platform or multiple platforms? How is the data cleaned and,4288.20458984375,full_gpu,0.0,1.0,longbench_qasper_000110,8651.52734375,2581.527791917324,short,eval,qa_long_context,transformers,,false,,,full,,,,,,0.0,0.0,0.0,/DATACENTER3/zhenxiang.wang/resource/Qwen2.5-7B-Instruct,,full/exact transformers smoke,,,zai-org/LongBench,,,,,,,,,,
full,,2556.3356988132,True,True, The corpus you're referring to isn't specified in your question. Could you please,4288.20458984375,full_gpu,0.0,1.0,longbench_qasper_000111,8669.5078125,2556.3356988132,short,eval,qa_long_context,transformers,,false,,,full,,,,,,0.0,0.0,0.0,/DATACENTER3/zhenxiang.wang/resource/Qwen2.5-7B-Instruct,,full/exact transformers smoke,,,zai-org/LongBench,,,,,,,,,,
full,,2593.494087457657,True,True, I have a question about the word subspace. I know that it is a,4287.61083984375,full_gpu,0.0,1.0,longbench_qasper_000112,8648.48828125,2593.494087457657,short,eval,qa_long_context,transformers,,false,,,full,,,,,,0.0,0.0,0.0,/DATACENTER3/zhenxiang.wang/resource/Qwen2.5-7B-Instruct,,full/exact transformers smoke,,,zai-org/LongBench,,,,,,,,,,
full,,2538.3130237460136,True,True, I am trying to understand the difference between a baseline model and a benchmark model.,4287.53662109375,full_gpu,0.0,1.0,longbench_qasper_000113,8663.265625,2538.3130237460136,short,eval,qa_long_context,transformers,,false,,,full,,,,,,0.0,0.0,0.0,/DATACENTER3/zhenxiang.wang/resource/Qwen2.5-7B-Instruct,,full/exact transformers smoke,,,zai-org/LongBench,,,,,,,,,,
full,,2677.2566810250282,True,True, I'm not sure if it's a good idea to use it for my research,4291.76708984375,full_gpu,0.0,1.0,longbench_qasper_000114,8688.03515625,2677.2566810250282,short,eval,qa_long_context,transformers,,false,,,full,,,,,,0.0,0.0,0.0,/DATACENTER3/zhenxiang.wang/resource/Qwen2.5-7B-Instruct,,full/exact transformers smoke,,,zai-org/LongBench,,,,,,,,,,
full,,2666.5092185139656,True,True, The Augmented LibriSpeech dataset is an extension of the original LibriSpeech,4289.59130859375,full_gpu,0.0,1.0,longbench_qasper_000115,8644.90234375,2666.5092185139656,short,eval,qa_long_context,transformers,,false,,,full,,,,,,0.0,0.0,0.0,/DATACENTER3/zhenxiang.wang/resource/Qwen2.5-7B-Instruct,,full/exact transformers smoke,,,zai-org/LongBench,,,,,,,,,,
full,,2535.1986177265644,True,True," I don't have any specific context about which ""they"" or what specific instance",4287.53662109375,full_gpu,0.0,1.0,longbench_qasper_000116,8650.75,2535.1986177265644,short,eval,qa_long_context,transformers,,false,,,full,,,,,,0.0,0.0,0.0,/DATACENTER3/zhenxiang.wang/resource/Qwen2.5-7B-Instruct,,full/exact transformers smoke,,,zai-org/LongBench,,,,,,,,,,
full,,2564.940497279167,True,True," I'm not sure which specific version of BERT you're referring to, as",4289.57763671875,full_gpu,0.0,1.0,longbench_qasper_000117,8672.5,2564.940497279167,short,eval,qa_long_context,transformers,,false,,,full,,,,,,0.0,0.0,0.0,/DATACENTER3/zhenxiang.wang/resource/Qwen2.5-7B-Instruct,,full/exact transformers smoke,,,zai-org/LongBench,,,,,,,,,,
full,,2696.623805910349,True,True," Yes, the automatically constructed datasets are subject to quality control. This is a crucial",4289.59130859375,full_gpu,0.0,1.0,longbench_qasper_000118,8667.9453125,2696.623805910349,short,eval,qa_long_context,transformers,,false,,,full,,,,,,0.0,0.0,0.0,/DATACENTER3/zhenxiang.wang/resource/Qwen2.5-7B-Instruct,,full/exact transformers smoke,,,zai-org/LongBench,,,,,,,,,,
full,,2581.600323319435,True,True," If so, which one?
I'm sorry, but you haven't provided any",4288.20458984375,full_gpu,0.0,1.0,longbench_qasper_000119,8650.3515625,2581.600323319435,short,eval,qa_long_context,transformers,,false,,,full,,,,,,0.0,0.0,0.0,/DATACENTER3/zhenxiang.wang/resource/Qwen2.5-7B-Instruct,,full/exact transformers smoke,,,zai-org/LongBench,,,,,,,,,,
full,,2577.9264084994793,True,True," I'm sorry, but I would need more context to answer your question. Who",4288.20458984375,full_gpu,0.0,1.0,longbench_qasper_000120,8694.76953125,2577.9264084994793,short,eval,qa_long_context,transformers,,false,,,full,,,,,,0.0,0.0,0.0,/DATACENTER3/zhenxiang.wang/resource/Qwen2.5-7B-Instruct,,full/exact transformers smoke,,,zai-org/LongBench,,,,,,,,,,
full,,2552.367936819792,True,True," The tagging scheme used in this context is BIO (Beginning, Interior, and",4287.61083984375,full_gpu,0.0,1.0,longbench_qasper_000121,8690.4921875,2552.367936819792,short,eval,qa_long_context,transformers,,false,,,full,,,,,,0.0,0.0,0.0,/DATACENTER3/zhenxiang.wang/resource/Qwen2.5-7B-Instruct,,full/exact transformers smoke,,,zai-org/LongBench,,,,,,,,,,
full,,2566.9681392610073,True,True," Yes, Arabic is one of the 11 languages used in the CoV",4291.76708984375,full_gpu,0.0,1.0,longbench_qasper_000122,8620.203125,2566.9681392610073,short,eval,qa_long_context,transformers,,false,,,full,,,,,,0.0,0.0,0.0,/DATACENTER3/zhenxiang.wang/resource/Qwen2.5-7B-Instruct,,full/exact transformers smoke,,,zai-org/LongBench,,,,,,,,,,
full,,2539.9608351290226,True,True, I have read that the robustness of a model is defined as the ability to,4289.59130859375,full_gpu,0.0,1.0,longbench_qasper_000123,8625.3046875,2539.9608351290226,short,eval,qa_long_context,transformers,,false,,,full,,,,,,0.0,0.0,0.0,/DATACENTER3/zhenxiang.wang/resource/Qwen2.5-7B-Instruct,,full/exact transformers smoke,,,zai-org/LongBench,,,,,,,,,,
full,,2713.562276214361,True,True," In the paper ""A Simple Neural Attentive Sentence Embedding"", the authors",4288.20458984375,full_gpu,0.0,1.0,longbench_qasper_000124,8696.64453125,2713.562276214361,short,eval,qa_long_context,transformers,,false,,,full,,,,,,0.0,0.0,0.0,/DATACENTER3/zhenxiang.wang/resource/Qwen2.5-7B-Instruct,,full/exact transformers smoke,,,zai-org/LongBench,,,,,,,,,,
full,,80549.10443723202,True,True," Is it based on a consensus of experts or some other method?
The establishment of",34674.8359375,full_cpu,0.0,1.0,longbench_qasper_000000,34674.8359375,80549.10443723202,short,calibration,qa_long_context,transformers,,false,,,full,,,,,,0.0,0.0,0.0,/DATACENTER3/zhenxiang.wang/resource/Qwen2.5-7B-Instruct,,full/exact transformers smoke,,,zai-org/LongBench,,,,,,,,,,
full,,73282.08209201694,True,True, GhostVLAD is a method used in computer vision and deep learning for image and,34675.328125,full_cpu,0.0,1.0,longbench_qasper_000001,34675.328125,73282.08209201694,short,calibration,qa_long_context,transformers,,false,,,full,,,,,,0.0,0.0,0.0,/DATACENTER3/zhenxiang.wang/resource/Qwen2.5-7B-Instruct,,full/exact transformers smoke,,,zai-org/LongBench,,,,,,,,,,
full,,39046.9407774508,True,True," The performance improvement of a model can be measured in various ways, such as accuracy",34675.31640625,full_cpu,0.0,1.0,longbench_qasper_000002,34675.31640625,39046.9407774508,short,calibration,qa_long_context,transformers,,false,,,full,,,,,,0.0,0.0,0.0,/DATACENTER3/zhenxiang.wang/resource/Qwen2.5-7B-Instruct,,full/exact transformers smoke,,,zai-org/LongBench,,,,,,,,,,
full,,32733.512077480555,True,True, Answer according to: The following is a list of features and context that I would,34676.046875,full_cpu,0.0,1.0,longbench_qasper_000003,34676.046875,32733.512077480555,short,calibration,qa_long_context,transformers,,false,,,full,,,,,,0.0,0.0,0.0,/DATACENTER3/zhenxiang.wang/resource/Qwen2.5-7B-Instruct,,full/exact transformers smoke,,,zai-org/LongBench,,,,,,,,,,
full,,41637.11231946945,True,True, Respond in 2 sentences. Facebook does not disclose the specific pages that users look,34675.4375,full_cpu,0.0,1.0,longbench_qasper_000004,34675.4375,41637.11231946945,short,calibration,qa_long_context,transformers,,false,,,full,,,,,,0.0,0.0,0.0,/DATACENTER3/zhenxiang.wang/resource/Qwen2.5-7B-Instruct,,full/exact transformers smoke,,,zai-org/LongBench,,,,,,,,,,
full,,34864.94630947709,True,True," If not, what languages are included?
To determine whether the hashtag and SemEval",34683.46484375,full_cpu,0.0,1.0,longbench_qasper_000005,34683.46484375,34864.94630947709,short,calibration,qa_long_context,transformers,,false,,,full,,,,,,0.0,0.0,0.0,/DATACENTER3/zhenxiang.wang/resource/Qwen2.5-7B-Instruct,,full/exact transformers smoke,,,zai-org/LongBench,,,,,,,,,,
full,,48153.49392220378,True,True," The task involves analyzing a set of customer reviews and categorizing them into positive,",34676.23828125,full_cpu,0.0,1.0,longbench_qasper_000006,34676.23828125,48153.49392220378,short,calibration,qa_long_context,transformers,,false,,,full,,,,,,0.0,0.0,0.0,/DATACENTER3/zhenxiang.wang/resource/Qwen2.5-7B-Instruct,,full/exact transformers smoke,,,zai-org/LongBench,,,,,,,,,,
full,,58682.902567088604,True,True, The datasets used for evaluation can vary depending on the specific task or application. However,34673.24609375,full_cpu,0.0,1.0,longbench_qasper_000007,34673.24609375,58682.902567088604,short,calibration,qa_long_context,transformers,,false,,,full,,,,,,0.0,0.0,0.0,/DATACENTER3/zhenxiang.wang/resource/Qwen2.5-7B-Instruct,,full/exact transformers smoke,,,zai-org/LongBench,,,,,,,,,,
full,,35059.45445969701,True,True," The proposed approach, which utilizes a combination of word embeddings and a novel method for",34676.2734375,full_cpu,0.0,1.0,longbench_qasper_000008,34676.2734375,35059.45445969701,short,calibration,qa_long_context,transformers,,false,,,full,,,,,,0.0,0.0,0.0,/DATACENTER3/zhenxiang.wang/resource/Qwen2.5-7B-Instruct,,full/exact transformers smoke,,,zai-org/LongBench,,,,,,,,,,
full,,60259.22908261418,True,True, Ensemble methods in machine learning combine multiple models to improve the overall performance and robustness,34672.80078125,full_cpu,0.0,1.0,longbench_qasper_000009,34672.80078125,60259.22908261418,short,calibration,qa_long_context,transformers,,false,,,full,,,,,,0.0,0.0,0.0,/DATACENTER3/zhenxiang.wang/resource/Qwen2.5-7B-Instruct,,full/exact transformers smoke,,,zai-org/LongBench,,,,,,,,,,
full,,31982.94571042061,True,True, The sources of the datasets can vary widely depending on the specific dataset and its intended,34676.09765625,full_cpu,0.0,1.0,longbench_qasper_000010,34676.09765625,31982.94571042061,short,calibration,qa_long_context,transformers,,false,,,full,,,,,,0.0,0.0,0.0,/DATACENTER3/zhenxiang.wang/resource/Qwen2.5-7B-Instruct,,full/exact transformers smoke,,,zai-org/LongBench,,,,,,,,,,
full,,42848.39156270027,True,True," Please provide a detailed explanation.
I'm sorry, but you haven't provided any",34676.21484375,full_cpu,0.0,1.0,longbench_qasper_000011,34676.21484375,42848.39156270027,short,calibration,qa_long_context,transformers,,false,,,full,,,,,,0.0,0.0,0.0,/DATACENTER3/zhenxiang.wang/resource/Qwen2.5-7B-Instruct,,full/exact transformers smoke,,,zai-org/LongBench,,,,,,,,,,
full,,44757.359240204096,True,True, The sentiment analysis dataset used in this project is the Stanford Sentiment Treebank (,34675.29296875,full_cpu,0.0,1.0,longbench_qasper_000012,34675.29296875,44757.359240204096,short,calibration,qa_long_context,transformers,,false,,,full,,,,,,0.0,0.0,0.0,/DATACENTER3/zhenxiang.wang/resource/Qwen2.5-7B-Instruct,,full/exact transformers smoke,,,zai-org/LongBench,,,,,,,,,,
full,,32671.10787332058,True,True," The accuracy of a proposed system can vary widely depending on the specific context, type",34675.86328125,full_cpu,0.0,1.0,longbench_qasper_000013,34675.86328125,32671.10787332058,short,calibration,qa_long_context,transformers,,false,,,full,,,,,,0.0,0.0,0.0,/DATACENTER3/zhenxiang.wang/resource/Qwen2.5-7B-Instruct,,full/exact transformers smoke,,,zai-org/LongBench,,,,,,,,,,
full,,52529.77294847369,True,True," If so, what were the results?
I apologize, but I don't have",34681.65625,full_cpu,0.0,1.0,longbench_qasper_000014,34681.65625,52529.77294847369,short,calibration,qa_long_context,transformers,,false,,,full,,,,,,0.0,0.0,0.0,/DATACENTER3/zhenxiang.wang/resource/Qwen2.5-7B-Instruct,,full/exact transformers smoke,,,zai-org/LongBench,,,,,,,,,,
full,,40210.67122370005,True,True," The datasets used in this project include the following:

1. **IMDB Dataset",34676.09375,full_cpu,0.0,1.0,longbench_qasper_000015,34676.09375,40210.67122370005,short,calibration,qa_long_context,transformers,,false,,,full,,,,,,0.0,0.0,0.0,/DATACENTER3/zhenxiang.wang/resource/Qwen2.5-7B-Instruct,,full/exact transformers smoke,,,zai-org/LongBench,,,,,,,,,,
full,,32204.54404503107,True,True," To determine which stock market sector achieved the best performance, we need to look at",34675.890625,full_cpu,0.0,1.0,longbench_qasper_000016,34675.890625,32204.54404503107,short,calibration,qa_long_context,transformers,,false,,,full,,,,,,0.0,0.0,0.0,/DATACENTER3/zhenxiang.wang/resource/Qwen2.5-7B-Instruct,,full/exact transformers smoke,,,zai-org/LongBench,,,,,,,,,,
full,,62021.67769894004,True,True," In the paper ""A Neural Conversational Model"" by Vinyals and Le",34676.25,full_cpu,0.0,1.0,longbench_qasper_000017,34676.25,62021.67769894004,short,calibration,qa_long_context,transformers,,false,,,full,,,,,,0.0,0.0,0.0,/DATACENTER3/zhenxiang.wang/resource/Qwen2.5-7B-Instruct,,full/exact transformers smoke,,,zai-org/LongBench,,,,,,,,,,
full,,71748.07261303067,True,True, I am reading a paper and it mentions that the authors used three regularization terms.,34674.9921875,full_cpu,0.0,1.0,longbench_qasper_000018,34674.9921875,71748.07261303067,short,calibration,qa_long_context,transformers,,false,,,full,,,,,,0.0,0.0,0.0,/DATACENTER3/zhenxiang.wang/resource/Qwen2.5-7B-Instruct,,full/exact transformers smoke,,,zai-org/LongBench,,,,,,,,,,
full,,30596.428144723177,True,True, The baselines are the reference points for the project. They are used to measure,34676.375,full_cpu,0.0,1.0,longbench_qasper_000019,34676.375,30596.428144723177,short,calibration,qa_long_context,transformers,,false,,,full,,,,,,0.0,0.0,0.0,/DATACENTER3/zhenxiang.wang/resource/Qwen2.5-7B-Instruct,,full/exact transformers smoke,,,zai-org/LongBench,,,,,,,,,,
full,,73094.93365138769,True,True, The difference between the two years is 100 - 80 =,34674.21875,full_cpu,0.0,1.0,longbench_qasper_000020,34674.21875,73094.93365138769,short,calibration,qa_long_context,transformers,,false,,,full,,,,,,0.0,0.0,0.0,/DATACENTER3/zhenxiang.wang/resource/Qwen2.5-7B-Instruct,,full/exact transformers smoke,,,zai-org/LongBench,,,,,,,,,,
full,,46203.98972183466,True,True, The model improves interpretability by using a novel approach that allows for the direct interpretation,34676.390625,full_cpu,0.0,1.0,longbench_qasper_000021,34676.390625,46203.98972183466,short,calibration,qa_long_context,transformers,,false,,,full,,,,,,0.0,0.0,0.0,/DATACENTER3/zhenxiang.wang/resource/Qwen2.5-7B-Instruct,,full/exact transformers smoke,,,zai-org/LongBench,,,,,,,,,,
full,,61330.58305084705,True,True," The term ""baseline"" can have different meanings depending on the context. Here are",34682.66015625,full_cpu,0.0,1.0,longbench_qasper_000022,34682.66015625,61330.58305084705,short,calibration,qa_long_context,transformers,,false,,,full,,,,,,0.0,0.0,0.0,/DATACENTER3/zhenxiang.wang/resource/Qwen2.5-7B-Instruct,,full/exact transformers smoke,,,zai-org/LongBench,,,,,,,,,,
full,,32813.17165493965,True,True," In the context of machine learning, there are several metrics that can be used to",34676.19140625,full_cpu,0.0,1.0,longbench_qasper_000023,34676.19140625,32813.17165493965,short,calibration,qa_long_context,transformers,,false,,,full,,,,,,0.0,0.0,0.0,/DATACENTER3/zhenxiang.wang/resource/Qwen2.5-7B-Instruct,,full/exact transformers smoke,,,zai-org/LongBench,,,,,,,,,,
full,,43712.96411380172,True,True," I'm trying to understand the attention mechanism in neural networks, particularly in the context",34676.12890625,full_cpu,0.0,1.0,longbench_qasper_000024,34676.12890625,43712.96411380172,short,calibration,qa_long_context,transformers,,false,,,full,,,,,,0.0,0.0,0.0,/DATACENTER3/zhenxiang.wang/resource/Qwen2.5-7B-Instruct,,full/exact transformers smoke,,,zai-org/LongBench,,,,,,,,,,
full,,42403.199441730976,True,True, The baselines are the reference points for the project. They are used to measure,34683.62890625,full_cpu,0.0,1.0,longbench_qasper_000100,34683.62890625,42403.199441730976,short,eval,qa_long_context,transformers,,false,,,full,,,,,,0.0,0.0,0.0,/DATACENTER3/zhenxiang.wang/resource/Qwen2.5-7B-Instruct,,full/exact transformers smoke,,,zai-org/LongBench,,,,,,,,,,
full,,44136.54777407646,True,True," Please provide a brief explanation for your answer.
I'm sorry, but I need",34675.46484375,full_cpu,0.0,1.0,longbench_qasper_000101,34675.46484375,44136.54777407646,short,eval,qa_long_context,transformers,,false,,,full,,,,,,0.0,0.0,0.0,/DATACENTER3/zhenxiang.wang/resource/Qwen2.5-7B-Instruct,,full/exact transformers smoke,,,zai-org/LongBench,,,,,,,,,,
full,,47218.49115937948,True,True," In the experiment, we use a variety of models to analyze and predict different aspects",34675.01171875,full_cpu,0.0,1.0,longbench_qasper_000102,34675.01171875,47218.49115937948,short,eval,qa_long_context,transformers,,false,,,full,,,,,,0.0,0.0,0.0,/DATACENTER3/zhenxiang.wang/resource/Qwen2.5-7B-Instruct,,full/exact transformers smoke,,,zai-org/LongBench,,,,,,,,,,
full,,57534.22548249364,True,True," I'm not sure if this is the right place to ask, but I'll",34675.328125,full_cpu,0.0,1.0,longbench_qasper_000103,34675.328125,57534.22548249364,short,eval,qa_long_context,transformers,,false,,,full,,,,,,0.0,0.0,0.0,/DATACENTER3/zhenxiang.wang/resource/Qwen2.5-7B-Instruct,,full/exact transformers smoke,,,zai-org/LongBench,,,,,,,,,,
full,,33588.7642391026,True,True," I'm sorry, but you haven't provided any context about which specific model or",34676.37109375,full_cpu,0.0,1.0,longbench_qasper_000104,34676.37109375,33588.7642391026,short,eval,qa_long_context,transformers,,false,,,full,,,,,,0.0,0.0,0.0,/DATACENTER3/zhenxiang.wang/resource/Qwen2.5-7B-Instruct,,full/exact transformers smoke,,,zai-org/LongBench,,,,,,,,,,
full,,64568.91430914402,True,True," I'm sorry, but I would need more information to answer your question. Can",34675.77734375,full_cpu,0.0,1.0,longbench_qasper_000105,34675.77734375,64568.91430914402,short,eval,qa_long_context,transformers,,false,,,full,,,,,,0.0,0.0,0.0,/DATACENTER3/zhenxiang.wang/resource/Qwen2.5-7B-Instruct,,full/exact transformers smoke,,,zai-org/LongBench,,,,,,,,,,
full,,48792.84831136465,True,True," In reinforcement learning, the combination of rewards is a key concept that refers to how",34675.46875,full_cpu,0.0,1.0,longbench_qasper_000106,34675.46875,48792.84831136465,short,eval,qa_long_context,transformers,,false,,,full,,,,,,0.0,0.0,0.0,/DATACENTER3/zhenxiang.wang/resource/Qwen2.5-7B-Instruct,,full/exact transformers smoke,,,zai-org/LongBench,,,,,,,,,,
full,,65906.82505816221,True,True, Answer according to: The authors demonstrate that their model can be used to predict the,34674.734375,full_cpu,0.0,1.0,longbench_qasper_000107,34674.734375,65906.82505816221,short,eval,qa_long_context,transformers,,false,,,full,,,,,,0.0,0.0,0.0,/DATACENTER3/zhenxiang.wang/resource/Qwen2.5-7B-Instruct,,full/exact transformers smoke,,,zai-org/LongBench,,,,,,,,,,
full,,60740.881249308586,True,True," What were the results?
I'm sorry, but I need more context to provide",34673.88671875,full_cpu,0.0,1.0,longbench_qasper_000108,34673.88671875,60740.881249308586,short,eval,qa_long_context,transformers,,false,,,full,,,,,,0.0,0.0,0.0,/DATACENTER3/zhenxiang.wang/resource/Qwen2.5-7B-Instruct,,full/exact transformers smoke,,,zai-org/LongBench,,,,,,,,,,
full,,31171.31758481264,True,True, The researchers found that the distribution of the number of books read by students in a,34673.98046875,full_cpu,0.0,1.0,longbench_qasper_000109,34673.98046875,31171.31758481264,short,eval,qa_long_context,transformers,,false,,,full,,,,,,0.0,0.0,0.0,/DATACENTER3/zhenxiang.wang/resource/Qwen2.5-7B-Instruct,,full/exact transformers smoke,,,zai-org/LongBench,,,,,,,,,,
full,,45110.149309039116,True,True, Is it from a specific platform or multiple platforms? How is the data cleaned and,34675.3828125,full_cpu,0.0,1.0,longbench_qasper_000110,34675.3828125,45110.149309039116,short,eval,qa_long_context,transformers,,false,,,full,,,,,,0.0,0.0,0.0,/DATACENTER3/zhenxiang.wang/resource/Qwen2.5-7B-Instruct,,full/exact transformers smoke,,,zai-org/LongBench,,,,,,,,,,
full,,72900.51804110408,True,True, The corpus you're referring to isn't specified in your question. Could you please,34673.70703125,full_cpu,0.0,1.0,longbench_qasper_000111,34673.70703125,72900.51804110408,short,eval,qa_long_context,transformers,,false,,,full,,,,,,0.0,0.0,0.0,/DATACENTER3/zhenxiang.wang/resource/Qwen2.5-7B-Instruct,,full/exact transformers smoke,,,zai-org/LongBench,,,,,,,,,,
full,,40604.1932888329,True,True, I have a question about the word subspace. I know that it is a,34676.625,full_cpu,0.0,1.0,longbench_qasper_000112,34676.625,40604.1932888329,short,eval,qa_long_context,transformers,,false,,,full,,,,,,0.0,0.0,0.0,/DATACENTER3/zhenxiang.wang/resource/Qwen2.5-7B-Instruct,,full/exact transformers smoke,,,zai-org/LongBench,,,,,,,,,,
full,,31277.010336518288,True,True, I am trying to understand the difference between a baseline model and a benchmark model.,34611.95703125,full_cpu,0.0,1.0,longbench_qasper_000113,34611.95703125,31277.010336518288,short,eval,qa_long_context,transformers,,false,,,full,,,,,,0.0,0.0,0.0,/DATACENTER3/zhenxiang.wang/resource/Qwen2.5-7B-Instruct,,full/exact transformers smoke,,,zai-org/LongBench,,,,,,,,,,
full,,47149.060152471066,True,True, I'm not sure if it's a good idea to use it for my research,34613.83984375,full_cpu,0.0,1.0,longbench_qasper_000114,34613.83984375,47149.060152471066,short,eval,qa_long_context,transformers,,false,,,full,,,,,,0.0,0.0,0.0,/DATACENTER3/zhenxiang.wang/resource/Qwen2.5-7B-Instruct,,full/exact transformers smoke,,,zai-org/LongBench,,,,,,,,,,
full,,65712.36262843013,True,True, The Augmented LibriSpeech dataset is an extension of the original LibriSpeech,34675.0859375,full_cpu,0.0,1.0,longbench_qasper_000115,34675.0859375,65712.36262843013,short,eval,qa_long_context,transformers,,false,,,full,,,,,,0.0,0.0,0.0,/DATACENTER3/zhenxiang.wang/resource/Qwen2.5-7B-Instruct,,full/exact transformers smoke,,,zai-org/LongBench,,,,,,,,,,
full,,62584.857765585184,True,True," I don't have any specific context about which ""they"" or what specific instance",34673.78125,full_cpu,0.0,1.0,longbench_qasper_000116,34673.78125,62584.857765585184,short,eval,qa_long_context,transformers,,false,,,full,,,,,,0.0,0.0,0.0,/DATACENTER3/zhenxiang.wang/resource/Qwen2.5-7B-Instruct,,full/exact transformers smoke,,,zai-org/LongBench,,,,,,,,,,
full,,74294.57938298583,True,True," I'm not sure which specific version of BERT you're referring to, as",34674.66796875,full_cpu,0.0,1.0,longbench_qasper_000117,34674.66796875,74294.57938298583,short,eval,qa_long_context,transformers,,false,,,full,,,,,,0.0,0.0,0.0,/DATACENTER3/zhenxiang.wang/resource/Qwen2.5-7B-Instruct,,full/exact transformers smoke,,,zai-org/LongBench,,,,,,,,,,
full,,66318.080984056,True,True," Yes, the automatically constructed datasets are subject to quality control. This is a crucial",34675.5546875,full_cpu,0.0,1.0,longbench_qasper_000118,34675.5546875,66318.080984056,short,eval,qa_long_context,transformers,,false,,,full,,,,,,0.0,0.0,0.0,/DATACENTER3/zhenxiang.wang/resource/Qwen2.5-7B-Instruct,,full/exact transformers smoke,,,zai-org/LongBench,,,,,,,,,,
full,,44319.643281400204,True,True," If so, which one?
I'm sorry, but you haven't provided any",34676.28515625,full_cpu,0.0,1.0,longbench_qasper_000119,34676.28515625,44319.643281400204,short,eval,qa_long_context,transformers,,false,,,full,,,,,,0.0,0.0,0.0,/DATACENTER3/zhenxiang.wang/resource/Qwen2.5-7B-Instruct,,full/exact transformers smoke,,,zai-org/LongBench,,,,,,,,,,
full,,56948.17500561476,True,True," I'm sorry, but I would need more context to answer your question. Who",34676.11328125,full_cpu,0.0,1.0,longbench_qasper_000120,34676.11328125,56948.17500561476,short,eval,qa_long_context,transformers,,false,,,full,,,,,,0.0,0.0,0.0,/DATACENTER3/zhenxiang.wang/resource/Qwen2.5-7B-Instruct,,full/exact transformers smoke,,,zai-org/LongBench,,,,,,,,,,
full,,72591.31855890155,True,True," The tagging scheme used in this context is BIO (Beginning, Interior, and",34674.71484375,full_cpu,0.0,1.0,longbench_qasper_000121,34674.71484375,72591.31855890155,short,eval,qa_long_context,transformers,,false,,,full,,,,,,0.0,0.0,0.0,/DATACENTER3/zhenxiang.wang/resource/Qwen2.5-7B-Instruct,,full/exact transformers smoke,,,zai-org/LongBench,,,,,,,,,,
full,,35749.463733285666,True,True," Yes, Arabic is one of the 11 languages used in the CoV",34676.69140625,full_cpu,0.0,1.0,longbench_qasper_000122,34676.69140625,35749.463733285666,short,eval,qa_long_context,transformers,,false,,,full,,,,,,0.0,0.0,0.0,/DATACENTER3/zhenxiang.wang/resource/Qwen2.5-7B-Instruct,,full/exact transformers smoke,,,zai-org/LongBench,,,,,,,,,,
full,,45754.60869818926,True,True, I have read that the robustness of a model is defined as the ability to,34675.26171875,full_cpu,0.0,1.0,longbench_qasper_000123,34675.26171875,45754.60869818926,short,eval,qa_long_context,transformers,,false,,,full,,,,,,0.0,0.0,0.0,/DATACENTER3/zhenxiang.wang/resource/Qwen2.5-7B-Instruct,,full/exact transformers smoke,,,zai-org/LongBench,,,,,,,,,,
full,,32477.042317390442,True,True," In the paper ""A Simple Neural Attentive Sentence Embedding"", the authors",34676.3359375,full_cpu,0.0,1.0,longbench_qasper_000124,34676.3359375,32477.042317390442,short,eval,qa_long_context,transformers,,false,,,full,,,,,,0.0,0.0,0.0,/DATACENTER3/zhenxiang.wang/resource/Qwen2.5-7B-Instruct,,full/exact transformers smoke,,,zai-org/LongBench,,,,,,,,,,
full,,2861.174140125513,True,True," Is it based on a consensus of experts or some other method?
The establishment of",4298.671875,recompute,0.0,1.0,longbench_qasper_000000,8601.33203125,2861.174140125513,short,calibration,qa_long_context,transformers,,false,,,full,,,,,,0.0,0.0,0.0,/DATACENTER3/zhenxiang.wang/resource/Qwen2.5-7B-Instruct,,full/exact transformers smoke,,,zai-org/LongBench,,,,,,,,,,
full,,2846.1599238216877,True,True, GhostVLAD is a method used in computer vision and deep learning for image and,4298.142578125,recompute,0.0,1.0,longbench_qasper_000001,8673.6484375,2846.1599238216877,short,calibration,qa_long_context,transformers,,false,,,full,,,,,,0.0,0.0,0.0,/DATACENTER3/zhenxiang.wang/resource/Qwen2.5-7B-Instruct,,full/exact transformers smoke,,,zai-org/LongBench,,,,,,,,,,
full,,2886.9610987603664,True,True," The performance improvement of a model can be measured in various ways, such as accuracy",4302.23828125,recompute,0.0,1.0,longbench_qasper_000002,8654.6328125,2886.9610987603664,short,calibration,qa_long_context,transformers,,false,,,full,,,,,,0.0,0.0,0.0,/DATACENTER3/zhenxiang.wang/resource/Qwen2.5-7B-Instruct,,full/exact transformers smoke,,,zai-org/LongBench,,,,,,,,,,
full,,2738.607306033373,True,True, Answer according to: The following is a list of features and context that I would,4298.142578125,recompute,0.0,1.0,longbench_qasper_000003,8642.78515625,2738.607306033373,short,calibration,qa_long_context,transformers,,false,,,full,,,,,,0.0,0.0,0.0,/DATACENTER3/zhenxiang.wang/resource/Qwen2.5-7B-Instruct,,full/exact transformers smoke,,,zai-org/LongBench,,,,,,,,,,
full,,2847.426161170006,True,True, Respond in 2 sentences. Facebook does not disclose the specific pages that users look,4298.142578125,recompute,0.0,1.0,longbench_qasper_000004,8614.53515625,2847.426161170006,short,calibration,qa_long_context,transformers,,false,,,full,,,,,,0.0,0.0,0.0,/DATACENTER3/zhenxiang.wang/resource/Qwen2.5-7B-Instruct,,full/exact transformers smoke,,,zai-org/LongBench,,,,,,,,,,
full,,2760.22332906723,True,True," If not, what languages are included?
To determine whether the hashtag and SemEval",4300.197265625,recompute,0.0,1.0,longbench_qasper_000005,8647.0,2760.22332906723,short,calibration,qa_long_context,transformers,,false,,,full,,,,,,0.0,0.0,0.0,/DATACENTER3/zhenxiang.wang/resource/Qwen2.5-7B-Instruct,,full/exact transformers smoke,,,zai-org/LongBench,,,,,,,,,,
full,,2820.378791540861,True,True," The task involves analyzing a set of customer reviews and categorizing them into positive,",4298.671875,recompute,0.0,1.0,longbench_qasper_000006,8684.5078125,2820.378791540861,short,calibration,qa_long_context,transformers,,false,,,full,,,,,,0.0,0.0,0.0,/DATACENTER3/zhenxiang.wang/resource/Qwen2.5-7B-Instruct,,full/exact transformers smoke,,,zai-org/LongBench,,,,,,,,,,
full,,2680.957768112421,True,True, The datasets used for evaluation can vary depending on the specific task or application. However,4298.142578125,recompute,0.0,1.0,longbench_qasper_000007,8700.58984375,2680.957768112421,short,calibration,qa_long_context,transformers,,false,,,full,,,,,,0.0,0.0,0.0,/DATACENTER3/zhenxiang.wang/resource/Qwen2.5-7B-Instruct,,full/exact transformers smoke,,,zai-org/LongBench,,,,,,,,,,
full,,3162.2028164565563,True,True," The proposed approach, which utilizes a combination of word embeddings and a novel method for",4301.046875,recompute,0.0,1.0,longbench_qasper_000008,8672.7109375,3162.2028164565563,short,calibration,qa_long_context,transformers,,false,,,full,,,,,,0.0,0.0,0.0,/DATACENTER3/zhenxiang.wang/resource/Qwen2.5-7B-Instruct,,full/exact transformers smoke,,,zai-org/LongBench,,,,,,,,,,
full,,2837.129767984152,True,True, Ensemble methods in machine learning combine multiple models to improve the overall performance and robustness,4296.890625,recompute,0.0,1.0,longbench_qasper_000009,8651.48828125,2837.129767984152,short,calibration,qa_long_context,transformers,,false,,,full,,,,,,0.0,0.0,0.0,/DATACENTER3/zhenxiang.wang/resource/Qwen2.5-7B-Instruct,,full/exact transformers smoke,,,zai-org/LongBench,,,,,,,,,,
full,,2736.2513057887554,True,True, The sources of the datasets can vary widely depending on the specific dataset and its intended,4298.142578125,recompute,0.0,1.0,longbench_qasper_000010,8673.25390625,2736.2513057887554,short,calibration,qa_long_context,transformers,,false,,,full,,,,,,0.0,0.0,0.0,/DATACENTER3/zhenxiang.wang/resource/Qwen2.5-7B-Instruct,,full/exact transformers smoke,,,zai-org/LongBench,,,,,,,,,,
full,,2702.0828910171986,True,True," Please provide a detailed explanation.
I'm sorry, but you haven't provided any",4298.142578125,recompute,0.0,1.0,longbench_qasper_000011,8690.83984375,2702.0828910171986,short,calibration,qa_long_context,transformers,,false,,,full,,,,,,0.0,0.0,0.0,/DATACENTER3/zhenxiang.wang/resource/Qwen2.5-7B-Instruct,,full/exact transformers smoke,,,zai-org/LongBench,,,,,,,,,,
full,,2727.3725867271423,True,True, The sentiment analysis dataset used in this project is the Stanford Sentiment Treebank (,4296.890625,recompute,0.0,1.0,longbench_qasper_000012,8668.6953125,2727.3725867271423,short,calibration,qa_long_context,transformers,,false,,,full,,,,,,0.0,0.0,0.0,/DATACENTER3/zhenxiang.wang/resource/Qwen2.5-7B-Instruct,,full/exact transformers smoke,,,zai-org/LongBench,,,,,,,,,,
full,,2782.79797360301,True,True," The accuracy of a proposed system can vary widely depending on the specific context, type",4298.142578125,recompute,0.0,1.0,longbench_qasper_000013,8674.078125,2782.79797360301,short,calibration,qa_long_context,transformers,,false,,,full,,,,,,0.0,0.0,0.0,/DATACENTER3/zhenxiang.wang/resource/Qwen2.5-7B-Instruct,,full/exact transformers smoke,,,zai-org/LongBench,,,,,,,,,,
full,,2698.056325316429,True,True," If so, what were the results?
I apologize, but I don't have",4298.142578125,recompute,0.0,1.0,longbench_qasper_000014,8580.5703125,2698.056325316429,short,calibration,qa_long_context,transformers,,false,,,full,,,,,,0.0,0.0,0.0,/DATACENTER3/zhenxiang.wang/resource/Qwen2.5-7B-Instruct,,full/exact transformers smoke,,,zai-org/LongBench,,,,,,,,,,
full,,2662.3155549168587,True,True," The datasets used in this project include the following:

1. **IMDB Dataset",4295.9765625,recompute,0.0,1.0,longbench_qasper_000015,8693.3046875,2662.3155549168587,short,calibration,qa_long_context,transformers,,false,,,full,,,,,,0.0,0.0,0.0,/DATACENTER3/zhenxiang.wang/resource/Qwen2.5-7B-Instruct,,full/exact transformers smoke,,,zai-org/LongBench,,,,,,,,,,
full,,2735.916778445244,True,True," To determine which stock market sector achieved the best performance, we need to look at",4298.15625,recompute,0.0,1.0,longbench_qasper_000016,8654.671875,2735.916778445244,short,calibration,qa_long_context,transformers,,false,,,full,,,,,,0.0,0.0,0.0,/DATACENTER3/zhenxiang.wang/resource/Qwen2.5-7B-Instruct,,full/exact transformers smoke,,,zai-org/LongBench,,,,,,,,,,
full,,2724.987056106329,True,True," In the paper ""A Neural Conversational Model"" by Vinyals and Le",4298.15625,recompute,0.0,1.0,longbench_qasper_000017,8645.72265625,2724.987056106329,short,calibration,qa_long_context,transformers,,false,,,full,,,,,,0.0,0.0,0.0,/DATACENTER3/zhenxiang.wang/resource/Qwen2.5-7B-Instruct,,full/exact transformers smoke,,,zai-org/LongBench,,,,,,,,,,
full,,2720.8428271114826,True,True, I am reading a paper and it mentions that the loss function is regularized by,4296.890625,recompute,0.0,1.0,longbench_qasper_000018,8672.1015625,2720.8428271114826,short,calibration,qa_long_context,transformers,,false,,,full,,,,,,0.0,0.0,0.0,/DATACENTER3/zhenxiang.wang/resource/Qwen2.5-7B-Instruct,,full/exact transformers smoke,,,zai-org/LongBench,,,,,,,,,,
full,,2658.6255207657814,True,True, The baselines are the reference points for the project. They are used to measure,4296.296875,recompute,0.0,1.0,longbench_qasper_000019,8671.2265625,2658.6255207657814,short,calibration,qa_long_context,transformers,,false,,,full,,,,,,0.0,0.0,0.0,/DATACENTER3/zhenxiang.wang/resource/Qwen2.5-7B-Instruct,,full/exact transformers smoke,,,zai-org/LongBench,,,,,,,,,,
full,,2738.117180764675,True,True, The difference between the two years is 100 - 80 =,4296.890625,recompute,0.0,1.0,longbench_qasper_000020,8601.0078125,2738.117180764675,short,calibration,qa_long_context,transformers,,false,,,full,,,,,,0.0,0.0,0.0,/DATACENTER3/zhenxiang.wang/resource/Qwen2.5-7B-Instruct,,full/exact transformers smoke,,,zai-org/LongBench,,,,,,,,,,
full,,2837.719328701496,True,True, The model improves interpretability by using a novel approach that allows for the direct interpretation,4300.197265625,recompute,0.0,1.0,longbench_qasper_000021,8643.94140625,2837.719328701496,short,calibration,qa_long_context,transformers,,false,,,full,,,,,,0.0,0.0,0.0,/DATACENTER3/zhenxiang.wang/resource/Qwen2.5-7B-Instruct,,full/exact transformers smoke,,,zai-org/LongBench,,,,,,,,,,
full,,2643.9971141517162,True,True," The term ""baseline"" can have different meanings depending on the context. Here are",4295.9765625,recompute,0.0,1.0,longbench_qasper_000022,8647.21484375,2643.9971141517162,short,calibration,qa_long_context,transformers,,false,,,full,,,,,,0.0,0.0,0.0,/DATACENTER3/zhenxiang.wang/resource/Qwen2.5-7B-Instruct,,full/exact transformers smoke,,,zai-org/LongBench,,,,,,,,,,
full,,2720.7746356725693,True,True," In the context of machine learning, there are several metrics that can be used to",4296.890625,recompute,0.0,1.0,longbench_qasper_000023,8624.4375,2720.7746356725693,short,calibration,qa_long_context,transformers,,false,,,full,,,,,,0.0,0.0,0.0,/DATACENTER3/zhenxiang.wang/resource/Qwen2.5-7B-Instruct,,full/exact transformers smoke,,,zai-org/LongBench,,,,,,,,,,
full,,2726.790349930525,True,True," I'm trying to understand the attention mechanism in neural networks, particularly in the context",4298.142578125,recompute,0.0,1.0,longbench_qasper_000024,8649.1953125,2726.790349930525,short,calibration,qa_long_context,transformers,,false,,,full,,,,,,0.0,0.0,0.0,/DATACENTER3/zhenxiang.wang/resource/Qwen2.5-7B-Instruct,,full/exact transformers smoke,,,zai-org/LongBench,,,,,,,,,,
full,,2705.5081613361835,True,True, The baselines are the reference points for the project. They are used to measure,4296.296875,recompute,0.0,1.0,longbench_qasper_000100,8643.6015625,2705.5081613361835,short,eval,qa_long_context,transformers,,false,,,full,,,,,,0.0,0.0,0.0,/DATACENTER3/zhenxiang.wang/resource/Qwen2.5-7B-Instruct,,full/exact transformers smoke,,,zai-org/LongBench,,,,,,,,,,
full,,2788.72037678957,True,True," Please provide a brief explanation for your answer.
I'm sorry, but I need",4300.18359375,recompute,0.0,1.0,longbench_qasper_000101,8622.5859375,2788.72037678957,short,eval,qa_long_context,transformers,,false,,,full,,,,,,0.0,0.0,0.0,/DATACENTER3/zhenxiang.wang/resource/Qwen2.5-7B-Instruct,,full/exact transformers smoke,,,zai-org/LongBench,,,,,,,,,,
full,,2758.226364850998,True,True," In the experiment, we use a variety of models to analyze and predict different aspects",4298.142578125,recompute,0.0,1.0,longbench_qasper_000102,8625.6640625,2758.226364850998,short,eval,qa_long_context,transformers,,false,,,full,,,,,,0.0,0.0,0.0,/DATACENTER3/zhenxiang.wang/resource/Qwen2.5-7B-Instruct,,full/exact transformers smoke,,,zai-org/LongBench,,,,,,,,,,
full,,2856.4735054969788,True,True," I'm not sure if this is the right place to ask, but I'll",4300.197265625,recompute,0.0,1.0,longbench_qasper_000103,8662.91015625,2856.4735054969788,short,eval,qa_long_context,transformers,,false,,,full,,,,,,0.0,0.0,0.0,/DATACENTER3/zhenxiang.wang/resource/Qwen2.5-7B-Instruct,,full/exact transformers smoke,,,zai-org/LongBench,,,,,,,,,,
full,,2742.353931069374,True,True," I'm sorry, but you haven't provided any context about which specific model or",4296.890625,recompute,0.0,1.0,longbench_qasper_000104,8652.17578125,2742.353931069374,short,eval,qa_long_context,transformers,,false,,,full,,,,,,0.0,0.0,0.0,/DATACENTER3/zhenxiang.wang/resource/Qwen2.5-7B-Instruct,,full/exact transformers smoke,,,zai-org/LongBench,,,,,,,,,,
full,,2748.3695037662983,True,True," I'm sorry, but I would need more information to answer your question. Can",4298.15625,recompute,0.0,1.0,longbench_qasper_000105,8678.859375,2748.3695037662983,short,eval,qa_long_context,transformers,,false,,,full,,,,,,0.0,0.0,0.0,/DATACENTER3/zhenxiang.wang/resource/Qwen2.5-7B-Instruct,,full/exact transformers smoke,,,zai-org/LongBench,,,,,,,,,,
full,,2682.5811490416527,True,True," In reinforcement learning, the combination of rewards is a key concept that refers to how",4298.671875,recompute,0.0,1.0,longbench_qasper_000106,8678.828125,2682.5811490416527,short,eval,qa_long_context,transformers,,false,,,full,,,,,,0.0,0.0,0.0,/DATACENTER3/zhenxiang.wang/resource/Qwen2.5-7B-Instruct,,full/exact transformers smoke,,,zai-org/LongBench,,,,,,,,,,
full,,2785.592243075371,True,True, Answer according to: The authors demonstrate that their model can be used to predict the,4300.197265625,recompute,0.0,1.0,longbench_qasper_000107,8597.68359375,2785.592243075371,short,eval,qa_long_context,transformers,,false,,,full,,,,,,0.0,0.0,0.0,/DATACENTER3/zhenxiang.wang/resource/Qwen2.5-7B-Instruct,,full/exact transformers smoke,,,zai-org/LongBench,,,,,,,,,,
full,,2875.2574622631073,True,True," What were the results?
I'm sorry, but I need more context to provide",4298.142578125,recompute,0.0,1.0,longbench_qasper_000108,8671.09375,2875.2574622631073,short,eval,qa_long_context,transformers,,false,,,full,,,,,,0.0,0.0,0.0,/DATACENTER3/zhenxiang.wang/resource/Qwen2.5-7B-Instruct,,full/exact transformers smoke,,,zai-org/LongBench,,,,,,,,,,
full,,2875.868823379278,True,True, The researchers found that the distribution of the number of books read by students in a,4296.296875,recompute,0.0,1.0,longbench_qasper_000109,8696.34765625,2875.868823379278,short,eval,qa_long_context,transformers,,false,,,full,,,,,,0.0,0.0,0.0,/DATACENTER3/zhenxiang.wang/resource/Qwen2.5-7B-Instruct,,full/exact transformers smoke,,,zai-org/LongBench,,,,,,,,,,
full,,2815.901305526495,True,True, Is it from a specific platform or multiple platforms? How is the data cleaned and,4298.142578125,recompute,0.0,1.0,longbench_qasper_000110,8630.59765625,2815.901305526495,short,eval,qa_long_context,transformers,,false,,,full,,,,,,0.0,0.0,0.0,/DATACENTER3/zhenxiang.wang/resource/Qwen2.5-7B-Instruct,,full/exact transformers smoke,,,zai-org/LongBench,,,,,,,,,,
full,,2800.2282045781612,True,True, The corpus you're referring to isn't specified in your question. Could you please,4298.142578125,recompute,0.0,1.0,longbench_qasper_000111,8695.70703125,2800.2282045781612,short,eval,qa_long_context,transformers,,false,,,full,,,,,,0.0,0.0,0.0,/DATACENTER3/zhenxiang.wang/resource/Qwen2.5-7B-Instruct,,full/exact transformers smoke,,,zai-org/LongBench,,,,,,,,,,
full,,2712.0861001312733,True,True, I have a question about the word subspace. I know that it is a,4296.890625,recompute,0.0,1.0,longbench_qasper_000112,8647.66796875,2712.0861001312733,short,eval,qa_long_context,transformers,,false,,,full,,,,,,0.0,0.0,0.0,/DATACENTER3/zhenxiang.wang/resource/Qwen2.5-7B-Instruct,,full/exact transformers smoke,,,zai-org/LongBench,,,,,,,,,,
full,,2718.593679368496,True,True, I am trying to understand the difference between a baseline model and a benchmark model.,4296.296875,recompute,0.0,1.0,longbench_qasper_000113,8696.1640625,2718.593679368496,short,eval,qa_long_context,transformers,,false,,,full,,,,,,0.0,0.0,0.0,/DATACENTER3/zhenxiang.wang/resource/Qwen2.5-7B-Instruct,,full/exact transformers smoke,,,zai-org/LongBench,,,,,,,,,,
full,,2815.7308027148247,True,True, I'm not sure if it's a good idea to use it for my research,4301.046875,recompute,0.0,1.0,longbench_qasper_000114,8674.40625,2815.7308027148247,short,eval,qa_long_context,transformers,,false,,,full,,,,,,0.0,0.0,0.0,/DATACENTER3/zhenxiang.wang/resource/Qwen2.5-7B-Instruct,,full/exact transformers smoke,,,zai-org/LongBench,,,,,,,,,,
full,,2754.9255564808846,True,True, The Augmented LibriSpeech dataset is an extension of the original LibriSpeech,4298.671875,recompute,0.0,1.0,longbench_qasper_000115,8649.2109375,2754.9255564808846,short,eval,qa_long_context,transformers,,false,,,full,,,,,,0.0,0.0,0.0,/DATACENTER3/zhenxiang.wang/resource/Qwen2.5-7B-Instruct,,full/exact transformers smoke,,,zai-org/LongBench,,,,,,,,,,
full,,2694.859132170677,True,True," I don't have any specific context about which ""they"" or what specific instance",4296.296875,recompute,0.0,1.0,longbench_qasper_000116,8672.85546875,2694.859132170677,short,eval,qa_long_context,transformers,,false,,,full,,,,,,0.0,0.0,0.0,/DATACENTER3/zhenxiang.wang/resource/Qwen2.5-7B-Instruct,,full/exact transformers smoke,,,zai-org/LongBench,,,,,,,,,,
full,,2739.2175905406475,True,True," I'm not sure which specific version of BERT you're referring to, as",4298.15625,recompute,0.0,1.0,longbench_qasper_000117,8648.28515625,2739.2175905406475,short,eval,qa_long_context,transformers,,false,,,full,,,,,,0.0,0.0,0.0,/DATACENTER3/zhenxiang.wang/resource/Qwen2.5-7B-Instruct,,full/exact transformers smoke,,,zai-org/LongBench,,,,,,,,,,
full,,2805.1075600087643,True,True," Yes, the automatically constructed datasets are subject to quality control. This is a crucial",4298.671875,recompute,0.0,1.0,longbench_qasper_000118,8692.515625,2805.1075600087643,short,eval,qa_long_context,transformers,,false,,,full,,,,,,0.0,0.0,0.0,/DATACENTER3/zhenxiang.wang/resource/Qwen2.5-7B-Instruct,,full/exact transformers smoke,,,zai-org/LongBench,,,,,,,,,,
full,,2772.893611341715,True,True," If so, which one?
I'm sorry, but you haven't provided any",4298.142578125,recompute,0.0,1.0,longbench_qasper_000119,8693.796875,2772.893611341715,short,eval,qa_long_context,transformers,,false,,,full,,,,,,0.0,0.0,0.0,/DATACENTER3/zhenxiang.wang/resource/Qwen2.5-7B-Instruct,,full/exact transformers smoke,,,zai-org/LongBench,,,,,,,,,,
full,,2752.0617470145226,True,True," I'm sorry, but I would need more context to answer your question. Who",4298.142578125,recompute,0.0,1.0,longbench_qasper_000120,8646.31640625,2752.0617470145226,short,eval,qa_long_context,transformers,,false,,,full,,,,,,0.0,0.0,0.0,/DATACENTER3/zhenxiang.wang/resource/Qwen2.5-7B-Instruct,,full/exact transformers smoke,,,zai-org/LongBench,,,,,,,,,,
full,,2762.04302534461,True,True," The tagging scheme used in this context is BIO (Beginning, Interior, and",4296.890625,recompute,0.0,1.0,longbench_qasper_000121,8622.16015625,2762.04302534461,short,eval,qa_long_context,transformers,,false,,,full,,,,,,0.0,0.0,0.0,/DATACENTER3/zhenxiang.wang/resource/Qwen2.5-7B-Instruct,,full/exact transformers smoke,,,zai-org/LongBench,,,,,,,,,,
full,,2797.7985106408596,True,True," Yes, Arabic is one of the 11 languages used in the CoV",4301.046875,recompute,0.0,1.0,longbench_qasper_000122,8696.953125,2797.7985106408596,short,eval,qa_long_context,transformers,,false,,,full,,,,,,0.0,0.0,0.0,/DATACENTER3/zhenxiang.wang/resource/Qwen2.5-7B-Instruct,,full/exact transformers smoke,,,zai-org/LongBench,,,,,,,,,,
full,,2761.171415448189,True,True, I have read that the robustness of a model is defined as the ability to,4298.671875,recompute,0.0,1.0,longbench_qasper_000123,8690.42578125,2761.171415448189,short,eval,qa_long_context,transformers,,false,,,full,,,,,,0.0,0.0,0.0,/DATACENTER3/zhenxiang.wang/resource/Qwen2.5-7B-Instruct,,full/exact transformers smoke,,,zai-org/LongBench,,,,,,,,,,
full,,2715.3678610920906,True,True," In the paper ""A Simple Neural Attentive Sentence Embedding"", the authors",4298.142578125,recompute,0.0,1.0,longbench_qasper_000124,8673.625,2715.3678610920906,short,eval,qa_long_context,transformers,,false,,,full,,,,,,0.0,0.0,0.0,/DATACENTER3/zhenxiang.wang/resource/Qwen2.5-7B-Instruct,,full/exact transformers smoke,,,zai-org/LongBench,,,,,,,,,,
