adapter,error,latency_ms,measured,ok,output_text,peak_memory_mib,profile,quality_loss,quality_score,request_id,resident_memory_mib,ttft_ms,length_bucket,split,task,extra_backend,extra_bits,extra_builtin_request_fallback,extra_env,extra_error_type,extra_failure_stage,extra_family,extra_h2o_recent_size,extra_h2o_selected_size,extra_kivi_bits,extra_kivi_group_size,extra_kivi_residual_length,extra_metric_em,extra_metric_f1,extra_metric_rouge_l,extra_model,extra_stage_startup_ms,extra_stage_model_load_ms,extra_stage_tokenize_ms,extra_stage_transfer_ms,extra_stage_generate_ms,extra_stage_decode_ms,extra_stage_total_ms,extra_original_request_id,extra_profile_note,extra_reference,extra_repeat_index,extra_request_source,extra_returncode,extra_note,extra_strategy,extra_unsupported,extra_worker_mode,extra_vllm_cache_hits,extra_vllm_cache_misses,extra_vllm_cached_blocks,extra_vllm_evictions,extra_vllm_policy_time_ms,extra_vllm_eviction_decision_time_ms
full,,13761.840432882309,True,True,"
The ground truth for fake news is established through the analysis of meta-data",7536.4921875,full_cpu,0.0,1.0,longbench_qasper_000000,7536.4921875,13761.840432882309,long,calibration,qa_long_context,transformers,,false,,,,full,,,,,,0.0,0.0,0.0,/DATACENTER3/zhenxiang.wang/resource/TinyLlama-1.1B-Chat-v1.0,51.335033029317856,1482.7776663005352,8.325334638357162,0.00024586915969848633,13752.942591905594,0.4857182502746582,13761.840432882309,,full/exact transformers smoke,Ground truth is not established in the paper,,zai-org/LongBench,,,,,batch,,,,,,
full,,4905.269473791122,True,True,The ex-Reading defender denied fraudulent trading charges rel,7536.4921875,full_cpu,0.0,1.0,xsum_000000,7536.4921875,4905.269473791122,medium,calibration,summary,transformers,,false,,,,full,,,,,,0.0,0.0,0.0,/DATACENTER3/zhenxiang.wang/resource/TinyLlama-1.1B-Chat-v1.0,51.335033029317856,1482.7776663005352,2.0001307129859924,0.00033155083656311035,4900.927364826202,2.1605640649795532,4905.269473791122,,full/exact transformers smoke,Former Premier League footballer Sam Sodje has appeared in court alongside three brothers accused of charity fraud.,,EdinburghNLP/xsum,,,,,batch,,,,,,
full,,4853.852696716785,True,True,"Four police officers were injured in the incident on Friday night. A man, aged",7536.4921875,full_cpu,0.0,1.0,xsum_000004,7536.4921875,4853.852696716785,short,calibration,summary,transformers,,false,,,,full,,,,,,0.0,0.0,0.0,/DATACENTER3/zhenxiang.wang/resource/TinyLlama-1.1B-Chat-v1.0,51.335033029317856,1482.7776663005352,3.8597099483013153,0.00016763806343078613,4849.660694599152,0.2588406205177307,4853.852696716785,,full/exact transformers smoke,Two teenagers have been charged in connection with an incident in west Belfast in which a car collided with two police vehicles.,,EdinburghNLP/xsum,,,,,batch,,,,,,
full,,10587.542623281479,True,True,Ms Cooper told BBC Radio 4's Today programme that she would use,7536.4921875,full_cpu,0.0,1.0,xsum_000009,7536.4921875,10587.542623281479,long,calibration,summary,transformers,,false,,,,full,,,,,,0.0,0.0,0.0,/DATACENTER3/zhenxiang.wang/resource/TinyLlama-1.1B-Chat-v1.0,51.335033029317856,1482.7776663005352,7.167946547269821,0.00022351741790771484,10579.893317073584,0.39837509393692017,10587.542623281479,,full/exact transformers smoke,Labour leadership hopefuls Liz Kendall and Yvette Cooper have said their supporters should back anyone other than Jeremy Corbyn in the contest.,,EdinburghNLP/xsum,,,,,batch,,,,,,
full,,17224.124528467655,True,True,"Labour MP Yvette Cooper said it was ""offensive, hurtful and",7536.4921875,full_cpu,0.0,1.0,xsum_000071,7536.4921875,17224.124528467655,xl,calibration,summary,transformers,,false,,,,full,,,,,,0.0,0.0,0.0,/DATACENTER3/zhenxiang.wang/resource/TinyLlama-1.1B-Chat-v1.0,51.335033029317856,1482.7776663005352,12.822389602661133,0.00024586915969848633,17210.805527865887,0.4116147756576538,17224.124528467655,,full/exact transformers smoke,"David Cameron is facing Labour calls to apologise for calling refugees at a camp in Calais ""a bunch of migrants"" at Prime Minister's Questions.",,EdinburghNLP/xsum,,,,,batch,,,,,,
full,,12477.984059602022,True,True,"
GhostVLAD is a pooling strategy proposed by X. X",7536.4921875,full_cpu,0.0,1.0,longbench_qasper_000001,7536.4921875,12477.984059602022,long,calibration,qa_long_context,transformers,,false,,,,full,,,,,,0.0,0.0,0.0,/DATACENTER3/zhenxiang.wang/resource/TinyLlama-1.1B-Chat-v1.0,51.335033029317856,1482.7776663005352,7.862456142902374,0.00023469328880310059,12469.704411923885,0.33514201641082764,12477.984059602022,,full/exact transformers smoke,"extension of the NetVLAD, adds Ghost clusters along with the NetVLAD clusters",,zai-org/LongBench,,,,,batch,,,,,,
full,,6730.179611593485,True,True,Voges forced to retire hurt on 86 after suffering injury while batt,7536.4921875,full_cpu,0.0,1.0,xsum_000001,7536.4921875,6730.179611593485,medium,calibration,summary,transformers,,false,,,,full,,,,,,0.0,0.0,0.0,/DATACENTER3/zhenxiang.wang/resource/TinyLlama-1.1B-Chat-v1.0,51.335033029317856,1482.7776663005352,2.6424825191497803,0.00030174851417541504,6727.266561239958,0.19672885537147522,6730.179611593485,,full/exact transformers smoke,Middlesex batsman Adam Voges will be out until August after suffering a torn calf muscle in his right leg.,,EdinburghNLP/xsum,,,,,batch,,,,,,
full,,4949.69604536891,True,True,A man has been arrested on suspicion of causing death by dangerous driving after a,7536.4921875,full_cpu,0.0,1.0,xsum_000005,7536.4921875,4949.69604536891,short,calibration,summary,transformers,,false,,,,full,,,,,,0.0,0.0,0.0,/DATACENTER3/zhenxiang.wang/resource/TinyLlama-1.1B-Chat-v1.0,51.335033029317856,1482.7776663005352,0.9544380009174347,0.0002682209014892578,4948.360506445169,0.29925256967544556,4949.69604536891,,full/exact transformers smoke,A pedestrian has been struck by a taxi in Dundee after it mounted the pavement.,,EdinburghNLP/xsum,,,,,batch,,,,,,
full,,8252.90334969759,True,True,The Association of School and College Leaders (ASCL) has published a survey,7536.4921875,full_cpu,0.0,1.0,xsum_000010,7536.4921875,8252.90334969759,long,calibration,summary,transformers,,false,,,,full,,,,,,0.0,0.0,0.0,/DATACENTER3/zhenxiang.wang/resource/TinyLlama-1.1B-Chat-v1.0,51.335033029317856,1482.7776663005352,4.902530461549759,0.000260770320892334,8247.778695076704,0.15546754002571106,8252.90334969759,,full/exact transformers smoke,"Head teachers say they are axing GCSE and A-level subjects, increasing class sizes and cutting support services as they struggle with school funding.",,EdinburghNLP/xsum,,,,,batch,,,,,,
full,,17280.061773955822,True,True,"Liverpool 1, Manchester United 0. Goalscorer: Liverpool ",7536.4921875,full_cpu,0.0,1.0,xsum_000087,7536.4921875,17280.061773955822,xl,calibration,summary,transformers,,false,,,,full,,,,,,0.0,0.0,0.0,/DATACENTER3/zhenxiang.wang/resource/TinyLlama-1.1B-Chat-v1.0,51.335033029317856,1482.7776663005352,8.249849081039429,0.00022351741790771484,17271.418038755655,0.3117024898529053,17280.061773955822,,full/exact transformers smoke,Liverpool and Manchester United played out a goalless and uneventful stalemate on a disappointing night at Anfield.,,EdinburghNLP/xsum,,,,,batch,,,,,,
full,,13512.60869204998,True,True,"
The proposed model outperforms the state of the art results by 6",7537.57421875,full_cpu,0.0,1.0,longbench_qasper_000002,7537.57421875,13512.60869204998,long,calibration,qa_long_context,transformers,,false,,,,full,,,,,,0.0,0.0,0.0,/DATACENTER3/zhenxiang.wang/resource/TinyLlama-1.1B-Chat-v1.0,49.98322203755379,1498.1202259659767,7.969889789819717,0.00024586915969848633,13503.011118620634,1.4547519385814667,13512.60869204998,,full/exact transformers smoke,"the attention model, MDREA, also outperforms the best existing research results (WAP 0.690 to 0.688)",,zai-org/LongBench,,,,,batch,,,,,,
full,,7461.745452135801,True,True,The Duchess of Cambridge has been photographed for the June edition of British Vog,7537.57421875,full_cpu,0.0,1.0,xsum_000002,7537.57421875,7461.745452135801,medium,calibration,summary,transformers,,false,,,,full,,,,,,0.0,0.0,0.0,/DATACENTER3/zhenxiang.wang/resource/TinyLlama-1.1B-Chat-v1.0,49.98322203755379,1498.1202259659767,6.063785403966904,0.0002942979335784912,7454.072322696447,1.4825239777565002,7461.745452135801,,full/exact transformers smoke,The Duchess of Cambridge will feature on the cover of British Vogue to mark the magazine's centenary.,,EdinburghNLP/xsum,,,,,batch,,,,,,
full,,4340.927857905626,True,True,"
The BBC's Ireland correspondent, Chris Buckler, reports on the",7537.57421875,full_cpu,0.0,1.0,xsum_000011,7537.57421875,4340.927857905626,short,calibration,summary,transformers,,false,,,,full,,,,,,0.0,0.0,0.0,/DATACENTER3/zhenxiang.wang/resource/TinyLlama-1.1B-Chat-v1.0,49.98322203755379,1498.1202259659767,2.9623843729496,0.0002086162567138672,4337.707784026861,0.18855556845664978,4340.927857905626,,full/exact transformers smoke,"As the UK considers greater devolution in the aftermath of Scotland's independence referendum, should a troubled Northern Ireland Assembly push for more powers over its own affairs?",,EdinburghNLP/xsum,,,,,batch,,,,,,
full,,8830.815896391869,True,True,More than a dozen men stormed into the Kiwi cafe in the Georg,7537.57421875,full_cpu,0.0,1.0,xsum_000017,7537.57421875,8830.815896391869,long,calibration,summary,transformers,,false,,,,full,,,,,,0.0,0.0,0.0,/DATACENTER3/zhenxiang.wang/resource/TinyLlama-1.1B-Chat-v1.0,49.98322203755379,1498.1202259659767,6.42833486199379,0.00024214386940002441,8824.0355104208,0.27965009212493896,8830.815896391869,,full/exact transformers smoke,A vegan cafe in Tbilisi has appealed for public solidarity after being invaded by ultra-nationalists wielding grilled meat and sausages.,,EdinburghNLP/xsum,,,,,batch,,,,,,
full,,18463.504519313574,True,True,"appreciate theft.
The latest news, and the latest?
",7537.57421875,full_cpu,0.0,1.0,xsum_000107,7537.57421875,18463.504519313574,xl,calibration,summary,transformers,,false,,,,full,,,,,,0.0,0.0,0.0,/DATACENTER3/zhenxiang.wang/resource/TinyLlama-1.1B-Chat-v1.0,49.98322203755379,1498.1202259659767,11.08158752322197,0.00024959444999694824,18452.050413936377,0.2972148358821869,18463.504519313574,,full/exact transformers smoke,"Will a £300,000-a-week salary change a hot prospect's attitude to the game?",,EdinburghNLP/xsum,,,,,batch,,,,,,
full,,12780.392702668905,True,True,"
We propose the following additional features and context for abusive language detection:",7537.57421875,full_cpu,0.0,1.0,longbench_qasper_000003,7537.57421875,12780.392702668905,long,calibration,qa_long_context,transformers,,false,,,,full,,,,,,0.0,0.0,0.0,/DATACENTER3/zhenxiang.wang/resource/TinyLlama-1.1B-Chat-v1.0,49.98322203755379,1498.1202259659767,7.266450673341751,0.00024959444999694824,12772.708933800459,0.3359206020832062,12780.392702668905,,full/exact transformers smoke,using tweets that one has replied or quoted to as contextual information,,zai-org/LongBench,,,,,batch,,,,,,
full,,7827.333778142929,True,True,"Chris Poole, the administrator of the controversial 4chan site, has",7537.57421875,full_cpu,0.0,1.0,xsum_000003,7537.57421875,7827.333778142929,medium,calibration,summary,transformers,,false,,,,full,,,,,,0.0,0.0,0.0,/DATACENTER3/zhenxiang.wang/resource/TinyLlama-1.1B-Chat-v1.0,49.98322203755379,1498.1202259659767,8.475247770547867,0.00025331974029541016,7818.623401224613,0.16220659017562866,7827.333778142929,,full/exact transformers smoke,Google has hired the creator of one of the web's most notorious forums - 4chan.,,EdinburghNLP/xsum,,,,,batch,,,,,,
full,,5171.521719545126,True,True,A man has been arrested after a 12-year-old boy was,7537.57421875,full_cpu,0.0,1.0,xsum_000013,7537.57421875,5171.521719545126,short,calibration,summary,transformers,,false,,,,full,,,,,,0.0,0.0,0.0,/DATACENTER3/zhenxiang.wang/resource/TinyLlama-1.1B-Chat-v1.0,49.98322203755379,1498.1202259659767,1.0355710983276367,0.0002980232238769531,5170.138169080019,0.2673827111721039,5171.521719545126,,full/exact transformers smoke,"A man tried to abduct a boy outside a primary school in Milton Keynes, the school said.",,EdinburghNLP/xsum,,,,,batch,,,,,,
full,,7762.292694300413,True,True,"
Bradshaw, who has scored three goals in 19 appearances",7537.57421875,full_cpu,0.0,1.0,xsum_000019,7537.57421875,7762.292694300413,long,calibration,summary,transformers,,false,,,,full,,,,,,0.0,0.0,0.0,/DATACENTER3/zhenxiang.wang/resource/TinyLlama-1.1B-Chat-v1.0,49.98322203755379,1498.1202259659767,3.644634038209915,0.0002868473529815674,7758.430927991867,0.1418180763721466,7762.292694300413,,full/exact transformers smoke,Barnsley striker Tom Bradshaw says every footballer can learn from the examples set by Wales stars Gareth Bale and Aaron Ramsey.,,EdinburghNLP/xsum,,,,,batch,,,,,,
full,,19184.865221381187,True,True,"
between.

or.





2.
",7537.57421875,full_cpu,0.0,1.0,xsum_000110,7537.57421875,19184.865221381187,xl,calibration,summary,transformers,,false,,,,full,,,,,,0.0,0.0,0.0,/DATACENTER3/zhenxiang.wang/resource/TinyLlama-1.1B-Chat-v1.0,49.98322203755379,1498.1202259659767,9.456366300582886,0.00024586915969848633,19175.04247650504,0.2820156514644623,19184.865221381187,,full/exact transformers smoke,Football's crisis-hit world governing body Fifa will meet in Zurich on Friday and elect a new leader to try to take the damaged organisation forward into a new era.,,EdinburghNLP/xsum,,,,,batch,,,,,,
full,,13617.25152656436,True,True,"
We looked at different pages, aiming at a balanced and varied dataset",7535.5546875,full_cpu,0.0,1.0,longbench_qasper_000004,7535.5546875,13617.25152656436,long,calibration,qa_long_context,transformers,,false,,,,full,,,,,,0.0,0.0,0.0,/DATACENTER3/zhenxiang.wang/resource/TinyLlama-1.1B-Chat-v1.0,47.730330377817154,1534.5111303031445,8.151605725288391,0.00023096799850463867,13608.617316931486,0.40887296199798584,13617.25152656436,,full/exact transformers smoke,"FoxNews, CNN, ESPN, New York Times, Time magazine, Huffington Post Weird News, The Guardian, Cartoon Network, Cooking Light, Home Cooking Adventure, Justin Bieber, Nickelodeon, Spongebob, Disney",,zai-org/LongBench,,,,,batch,,,,,,
full,,7673.1499172747135,True,True,Barca will be investigated for alleged misappropriation of funds in,7535.5546875,full_cpu,0.0,1.0,xsum_000006,7535.5546875,7673.1499172747135,medium,calibration,summary,transformers,,false,,,,full,,,,,,0.0,0.0,0.0,/DATACENTER3/zhenxiang.wang/resource/TinyLlama-1.1B-Chat-v1.0,47.730330377817154,1534.5111303031445,2.6165172457695007,0.0002384185791015625,7670.171290636063,0.2916604280471802,7673.1499172747135,,full/exact transformers smoke,Barcelona football club chief Sandro Rosell has resigned following a Spanish court's decision to look into last year's signing of Brazil star Neymar.,,EdinburghNLP/xsum,,,,,batch,,,,,,
full,,4914.969213306904,True,True,"The International Cricket Council said the 29-year-old is """,7535.5546875,full_cpu,0.0,1.0,xsum_000029,7535.5546875,4914.969213306904,short,calibration,summary,transformers,,false,,,,full,,,,,,0.0,0.0,0.0,/DATACENTER3/zhenxiang.wang/resource/TinyLlama-1.1B-Chat-v1.0,47.730330377817154,1534.5111303031445,1.3001561164855957,0.00024586915969848633,4913.301553577185,0.2915821969509125,4914.969213306904,,full/exact transformers smoke,Sri Lanka seamer Shaminda Eranga was reported for a suspect bowling action in the second-Test defeat by England at Chester-le-Street.,,EdinburghNLP/xsum,,,,,batch,,,,,,
full,,8545.314904302359,True,True,Forestart harvests a billion wild tree seeds every year to grow into,7535.5546875,full_cpu,0.0,1.0,xsum_000027,7535.5546875,8545.314904302359,long,calibration,summary,transformers,,false,,,,full,,,,,,0.0,0.0,0.0,/DATACENTER3/zhenxiang.wang/resource/TinyLlama-1.1B-Chat-v1.0,47.730330377817154,1534.5111303031445,3.4964680671691895,0.00024959444999694824,8541.545696556568,0.2245008945465088,8545.314904302359,,full/exact transformers smoke,Aspens are one of our most beautiful native trees and there's a huge demand for seeds to grow new ones for planting.,,EdinburghNLP/xsum,,,,,batch,,,,,,
full,,13108.633823692799,True,True,"
Yes, the SemEval datasets contain only English data.

Question",7535.5546875,full_cpu,0.0,1.0,longbench_qasper_000005,7535.5546875,13108.633823692799,long,calibration,qa_long_context,transformers,,false,,,,full,,,,,,0.0,0.0,0.0,/DATACENTER3/zhenxiang.wang/resource/TinyLlama-1.1B-Chat-v1.0,47.730330377817154,1534.5111303031445,5.775872617959976,0.00021606683731079102,13102.497570216656,0.28801336884498596,13108.633823692799,,full/exact transformers smoke,Yes,,zai-org/LongBench,,,,,batch,,,,,,
full,,13250.569324940443,True,True,"
1. Pre-training and fine-tuning with CTC objective function",7535.5546875,full_cpu,0.0,1.0,longbench_qasper_000100,7535.5546875,13250.569324940443,long,eval,qa_long_context,transformers,,false,,,,full,,,,,,0.0,0.0,0.0,/DATACENTER3/zhenxiang.wang/resource/TinyLlama-1.1B-Chat-v1.0,47.730330377817154,1534.5111303031445,6.278809159994125,0.00021606683731079102,13244.050461798906,0.1746155321598053,13250.569324940443,,full/exact transformers smoke,"Vanilla ST baseline, encoder pre-training, in which the ST encoder is initialized from an ASR model, decoder pre-training, in which the ST decoder is initialized from an MT model, encoder-decoder pre-training, where both the encoder and decoder are pre-trained, many-to-many multi-task model where the encoders and decoders are derived from pre-trained ASR and MT models, Triangle+pre-train: BIBREF18 DBLP:conf/naacl/AnastasopoulosC18 proposed a triangle multi-task strategy for speech translation",,zai-org/LongBench,,,,,batch,,,,,,
full,,4991.511058062315,True,True,The 22-year-old has made 13 appearances for Ever,7535.5546875,full_cpu,0.0,1.0,xsum_000150,7535.5546875,4991.511058062315,short,eval,summary,transformers,,false,,,,full,,,,,,0.0,0.0,0.0,/DATACENTER3/zhenxiang.wang/resource/TinyLlama-1.1B-Chat-v1.0,47.730330377817154,1534.5111303031445,0.8611530065536499,0.00023469328880310059,4990.351628512144,0.2318248152732849,4991.511058062315,,full/exact transformers smoke,Everton winger Gerard Deulofeu has joined Italian side AC Milan on loan until the end of the season.,,EdinburghNLP/xsum,,,,,batch,,,,,,
full,,8509.895604103804,True,True,"Premier Foods, the UK's biggest food group, has rejected a £",7535.5546875,full_cpu,0.0,1.0,xsum_000151,7535.5546875,8509.895604103804,long,eval,summary,transformers,,false,,,,full,,,,,,0.0,0.0,0.0,/DATACENTER3/zhenxiang.wang/resource/TinyLlama-1.1B-Chat-v1.0,47.730330377817154,1534.5111303031445,3.51005420088768,0.00021979212760925293,8506.129644811153,0.1926608383655548,8509.895604103804,,full/exact transformers smoke,"McCormick, the American food flavourings business, has said it may increase its $700m (£494m) bid for the UK's Premier Foods.",,EdinburghNLP/xsum,,,,,batch,,,,,,
full,,7273.317996412516,True,True,"Nabila Nanfuka, 22, and Laurene-Dan",7535.5546875,full_cpu,0.0,1.0,xsum_000152,7535.5546875,7273.317996412516,medium,eval,summary,transformers,,false,,,,full,,,,,,0.0,0.0,0.0,/DATACENTER3/zhenxiang.wang/resource/TinyLlama-1.1B-Chat-v1.0,47.730330377817154,1534.5111303031445,1.9414834678173065,0.00022724270820617676,7271.19879424572,0.12215971946716309,7273.317996412516,,full/exact transformers smoke,"The policing of a major incident at a nightclub in which two students were killed in a crush was ""appropriate"", the police watchdog has said.",,EdinburghNLP/xsum,,,,,batch,,,,,,
full,,12061.13674864173,True,True,"
This paper studies the task of propaganda detection at the sentence and fragment level",7535.5546875,full_cpu,0.0,1.0,longbench_qasper_000101,7535.5546875,12061.13674864173,long,eval,qa_long_context,transformers,,false,,,,full,,,,,,0.0,0.0,0.0,/DATACENTER3/zhenxiang.wang/resource/TinyLlama-1.1B-Chat-v1.0,47.730330377817154,1534.5111303031445,5.254294723272324,0.00024959444999694824,12055.595457553864,0.21411478519439697,12061.13674864173,,full/exact transformers smoke,Unanswerable,,zai-org/LongBench,,,,,batch,,,,,,
full,,5567.85324215889,True,True,A 15-year-old boy and a 17-year,7536.9140625,full_cpu,0.0,1.0,xsum_000157,7536.9140625,5567.85324215889,short,eval,summary,transformers,,false,,,,full,,,,,,0.0,0.0,0.0,/DATACENTER3/zhenxiang.wang/resource/TinyLlama-1.1B-Chat-v1.0,48.80433902144432,1530.0372168421745,4.089675843715668,0.0002384185791015625,5563.334986567497,0.35470351576805115,5567.85324215889,,full/exact transformers smoke,"A community worker has said scrambler motorcycles are a problem in west Belfast, as a woman remains in a critical condition after a collision.",,EdinburghNLP/xsum,,,,,batch,,,,,,
full,,9294.364843517542,True,True,"The $100 (Â£80) Light Phone, a credit",7536.9140625,full_cpu,0.0,1.0,xsum_000153,7536.9140625,9294.364843517542,long,eval,summary,transformers,,false,,,,full,,,,,,0.0,0.0,0.0,/DATACENTER3/zhenxiang.wang/resource/TinyLlama-1.1B-Chat-v1.0,48.80433902144432,1530.0372168421745,3.7869401276111603,0.00024214386940002441,9290.164064615965,0.3257580101490021,9294.364843517542,,full/exact transformers smoke,A crowdfunded handset designed to help people disconnect from their smartphones is due to ship at the end of November after a series of setbacks.,,EdinburghNLP/xsum,,,,,batch,,,,,,
full,,5303.974132984877,True,True,"The alleged attack happened at the Glenbourne unit, part of the Derrif",7536.9140625,full_cpu,0.0,1.0,xsum_000154,7536.9140625,5303.974132984877,medium,eval,summary,transformers,,false,,,,full,,,,,,0.0,0.0,0.0,/DATACENTER3/zhenxiang.wang/resource/TinyLlama-1.1B-Chat-v1.0,48.80433902144432,1530.0372168421745,1.5955381095409393,0.00024586915969848633,5302.007589489222,0.303562730550766,5303.974132984877,,full/exact transformers smoke,A care worker at an NHS psychiatric unit has been charged with raping a young female patient.,,EdinburghNLP/xsum,,,,,batch,,,,,,
full,,12705.756198614836,True,True,"
The experiment uses a hierarchical three-level annotation model, which is",7536.9140625,full_cpu,0.0,1.0,longbench_qasper_000102,7536.9140625,12705.756198614836,long,eval,qa_long_context,transformers,,false,,,,full,,,,,,0.0,0.0,0.0,/DATACENTER3/zhenxiang.wang/resource/TinyLlama-1.1B-Chat-v1.0,48.80433902144432,1530.0372168421745,6.530996412038803,0.00025704503059387207,12698.868378996849,0.2899952232837677,12705.756198614836,,full/exact transformers smoke,"linear SVM, bidirectional Long Short-Term-Memory (BiLSTM), Convolutional Neural Network (CNN)",,zai-org/LongBench,,,,,batch,,,,,,
full,,4814.836394041777,True,True,"Whiffin joined the club in 2005 as analyst,",7536.9140625,full_cpu,0.0,1.0,xsum_000167,7536.9140625,4814.836394041777,short,eval,summary,transformers,,false,,,,full,,,,,,0.0,0.0,0.0,/DATACENTER3/zhenxiang.wang/resource/TinyLlama-1.1B-Chat-v1.0,48.80433902144432,1530.0372168421745,1.2259148061275482,0.00023469328880310059,4813.325494527817,0.2228468656539917,4814.836394041777,,full/exact transformers smoke,London Irish have parted company with assistant coach Richard Whiffin following Premiership relegation.,,EdinburghNLP/xsum,,,,,batch,,,,,,
full,,8001.339592039585,True,True,"Michael Young, from Larbert in Stirlingshire, has Duchenne mus",7536.9140625,full_cpu,0.0,1.0,xsum_000158,7536.9140625,8001.339592039585,long,eval,summary,transformers,,false,,,,full,,,,,,0.0,0.0,0.0,/DATACENTER3/zhenxiang.wang/resource/TinyLlama-1.1B-Chat-v1.0,48.80433902144432,1530.0372168421745,2.918664366006851,0.0002384185791015625,7998.193625360727,0.1679249107837677,8001.339592039585,,full/exact transformers smoke,A nine-year-old boy with muscular dystrophy has met with First Minister Nicola Sturgeon after he wrote to her campaigning for a new treatment.,,EdinburghNLP/xsum,,,,,batch,,,,,,
full,,7566.252809017897,True,True,"The UKIP leader tweeted he was ""at a standstill for",7536.9140625,full_cpu,0.0,1.0,xsum_000155,7536.9140625,7566.252809017897,medium,eval,summary,transformers,,false,,,,full,,,,,,0.0,0.0,0.0,/DATACENTER3/zhenxiang.wang/resource/TinyLlama-1.1B-Chat-v1.0,48.80433902144432,1530.0372168421745,2.0073801279067993,0.00024586915969848633,7563.947908580303,0.22421404719352722,7566.252809017897,,full/exact transformers smoke,Nigel Farage missed an appearance on BBC Question Time after getting caught in a traffic jam on the A1.,,EdinburghNLP/xsum,,,,,batch,,,,,,
full,,12270.393393933773,True,True,"
Yes, they do. The answerability of questions is a critical factor in",7536.9140625,full_cpu,0.0,1.0,longbench_qasper_000103,7536.9140625,12270.393393933773,long,eval,qa_long_context,transformers,,false,,,,full,,,,,,0.0,0.0,0.0,/DATACENTER3/zhenxiang.wang/resource/TinyLlama-1.1B-Chat-v1.0,48.80433902144432,1530.0372168421745,6.160873919725418,0.00024214386940002441,12263.866446912289,0.2951286733150482,12270.393393933773,,full/exact transformers smoke,No,,zai-org/LongBench,,,,,batch,,,,,,
full,,5034.239787608385,True,True,A 15-year-old boy has been charged with grievous,7536.9140625,full_cpu,0.0,1.0,xsum_000174,7536.9140625,5034.239787608385,short,eval,summary,transformers,,false,,,,full,,,,,,0.0,0.0,0.0,/DATACENTER3/zhenxiang.wang/resource/TinyLlama-1.1B-Chat-v1.0,48.80433902144432,1530.0372168421745,1.2843608856201172,0.00024586915969848633,5032.774485647678,0.12903288006782532,5034.239787608385,,full/exact transformers smoke,A 15-year-old boy has been charged with attempted murder after two pupils were stabbed at a school in Dulwich.,,EdinburghNLP/xsum,,,,,batch,,,,,,
full,,8501.32255628705,True,True,The Office for National Statistics (ONS) figures for migration to the UK from,7536.9140625,full_cpu,0.0,1.0,xsum_000160,7536.9140625,8501.32255628705,long,eval,summary,transformers,,false,,,,full,,,,,,0.0,0.0,0.0,/DATACENTER3/zhenxiang.wang/resource/TinyLlama-1.1B-Chat-v1.0,48.80433902144432,1530.0372168421745,3.340627998113632,0.00025704503059387207,8497.677437961102,0.23207440972328186,8501.32255628705,,full/exact transformers smoke,Campaigners to leave the European Union have been badgering the government about the reliability of the official immigration statistics.,,EdinburghNLP/xsum,,,,,batch,,,,,,
full,,10058.110002428293,True,True,"The star told a Cannes press conference she likes to make ""bold""",7536.9609375,full_cpu,0.0,1.0,xsum_000156,7536.9609375,10058.110002428293,medium,eval,summary,transformers,,false,,,,full,,,,,,0.0,0.0,0.0,/DATACENTER3/zhenxiang.wang/resource/TinyLlama-1.1B-Chat-v1.0,50.83588510751724,1463.4909071028233,5.632717162370682,0.0006332993507385254,10051.009014248848,1.3182424008846283,10058.110002428293,,full/exact transformers smoke,Oscar winner Nicole Kidman says she still acts like she's 21 when it comes to acting roles.,,EdinburghNLP/xsum,,,,,batch,,,,,,
full,,12509.014885872602,True,True,"
GloVe, Edinburgh embeddings, and Emoji embed",7536.9609375,full_cpu,0.0,1.0,longbench_qasper_000104,7536.9609375,12509.014885872602,long,eval,qa_long_context,transformers,,false,,,,full,,,,,,0.0,0.0,0.0,/DATACENTER3/zhenxiang.wang/resource/TinyLlama-1.1B-Chat-v1.0,50.83588510751724,1463.4909071028233,11.562392115592957,0.0003129243850708008,12495.91763690114,1.4345347881317139,12509.014885872602,,full/exact transformers smoke,Pretrained word embeddings  were not used,,zai-org/LongBench,,,,,batch,,,,,,
full,,5127.550058066845,True,True,"The BBC is not responsible for any changes that may be made.
The BBC",7536.9609375,full_cpu,0.0,1.0,xsum_000194,7536.9609375,5127.550058066845,short,eval,summary,transformers,,false,,,,full,,,,,,0.0,0.0,0.0,/DATACENTER3/zhenxiang.wang/resource/TinyLlama-1.1B-Chat-v1.0,50.83588510751724,1463.4909071028233,2.6976652443408966,0.0001862645149230957,5124.610185623169,0.17585232853889465,5127.550058066845,,full/exact transformers smoke,"The BBC has extensive live athletics coverage across TV, desktop, mobile, tablet and app.",,EdinburghNLP/xsum,,,,,batch,,,,,,
full,,49201.896242797375,True,True,The Association of Teachers and Lecturers (ATL) has,7536.9609375,full_cpu,0.0,1.0,xsum_000164,7536.9609375,49201.896242797375,long,eval,summary,transformers,,false,,,,full,,,,,,0.0,0.0,0.0,/DATACENTER3/zhenxiang.wang/resource/TinyLlama-1.1B-Chat-v1.0,50.83588510751724,1463.4909071028233,6.583403795957565,0.0002384185791015625,49194.90557909012,0.33709779381752014,49201.896242797375,,full/exact transformers smoke,One of the most moderate teaching unions has voted for industrial action over government plans to force all schools in England to become academies.,,EdinburghNLP/xsum,,,,,batch,,,,,,
full,,56291.0972237587,True,True,"
Lancashire were all out for 249, having been",7536.9609375,full_cpu,0.0,1.0,xsum_000159,7536.9609375,56291.0972237587,medium,eval,summary,transformers,,false,,,,full,,,,,,0.0,0.0,0.0,/DATACENTER3/zhenxiang.wang/resource/TinyLlama-1.1B-Chat-v1.0,50.83588510751724,1463.4909071028233,3.422670066356659,0.0002682209014892578,56287.275683134794,0.3326795995235443,56291.0972237587,,full/exact transformers smoke,Pace bowler Kyle Jarvis claimed 5-69 for Lancashire as they earned a sizeable first-innings lead on a rain-shortened day against Leicestershire.,,EdinburghNLP/xsum,,,,,batch,,,,,,
full,,15066.23775884509,True,True,"
The results show that our model can generate plausible and personalized reci",7536.9609375,full_cpu,0.0,1.0,longbench_qasper_000105,7536.9609375,15066.23775884509,long,eval,qa_long_context,transformers,,false,,,,full,,,,,,0.0,0.0,0.0,/DATACENTER3/zhenxiang.wang/resource/TinyLlama-1.1B-Chat-v1.0,50.83588510751724,1463.4909071028233,7.4408575892448425,0.0002384185791015625,15058.503314852715,0.2285391092300415,15066.23775884509,,full/exact transformers smoke,"average recipe-level coherence scores of 1.78-1.82, human evaluators preferred personalized model outputs to baseline 63% of the time",,zai-org/LongBench,,,,,batch,,,,,,
full,,5208.844657987356,True,True,A 39-year-old man has appeared in court charged with possession,7536.9609375,full_cpu,0.0,1.0,xsum_000207,7536.9609375,5208.844657987356,short,eval,summary,transformers,,false,,,,full,,,,,,0.0,0.0,0.0,/DATACENTER3/zhenxiang.wang/resource/TinyLlama-1.1B-Chat-v1.0,50.83588510751724,1463.4909071028233,0.9124018251895905,0.0002682209014892578,5207.656849175692,0.22262707352638245,5208.844657987356,,full/exact transformers smoke,"A man has appeared in court after cannabis with an estimated street value of £90,000 was seized in Aberdeen.",,EdinburghNLP/xsum,,,,,batch,,,,,,
full,,9856.571458280087,True,True,Mr Blackman is championing an e-petition demanding the change in,7536.9609375,full_cpu,0.0,1.0,xsum_000172,7536.9609375,9856.571458280087,long,eval,summary,transformers,,false,,,,full,,,,,,0.0,0.0,0.0,/DATACENTER3/zhenxiang.wang/resource/TinyLlama-1.1B-Chat-v1.0,50.83588510751724,1463.4909071028233,4.0146224200725555,0.0002719461917877197,9852.234691381454,0.25597214698791504,9856.571458280087,,full/exact transformers smoke,"The UK should show that it ""embraces"" the Muslim and Hindu faiths by making Eid and Diwali public holidays, Conservative MP Bob Blackman has said.",,EdinburghNLP/xsum,,,,,batch,,,,,,
full,,5512.478839606047,True,True,"
Halai has scored 14 tries in 41 games for",7536.9609375,full_cpu,0.0,1.0,xsum_000161,7536.9609375,5512.478839606047,medium,eval,summary,transformers,,false,,,,full,,,,,,0.0,0.0,0.0,/DATACENTER3/zhenxiang.wang/resource/TinyLlama-1.1B-Chat-v1.0,50.83588510751724,1463.4909071028233,1.7057433724403381,0.000260770320892334,5510.568544268608,0.15203282237052917,5512.478839606047,,full/exact transformers smoke,Wasps winger Frank Halai will join French Top 14 side Pau at the end of the Premiership season.,,EdinburghNLP/xsum,,,,,batch,,,,,,
full,,12487.972188740969,True,True,"
The combination of rewards for reinforcement learning is denoising auto",7536.9609375,full_cpu,0.0,1.0,longbench_qasper_000106,7536.9609375,12487.972188740969,long,eval,qa_long_context,transformers,,false,,,,full,,,,,,0.0,0.0,0.0,/DATACENTER3/zhenxiang.wang/resource/TinyLlama-1.1B-Chat-v1.0,50.83588510751724,1463.4909071028233,6.3862428069114685,0.00027939677238464355,12481.384705752134,0.1491345465183258,12487.972188740969,,full/exact transformers smoke,"irony accuracy, sentiment preservation",,zai-org/LongBench,,,,,batch,,,,,,
full,,4453.521512448788,True,True,"
The ground truth for fake news is established through the analysis of meta-data",813.427734375,recompute,0.0,1.0,longbench_qasper_000000,6833.57421875,4453.521512448788,long,calibration,qa_long_context,transformers,,false,,,,full,,,,,,0.0,0.0,0.0,/DATACENTER3/zhenxiang.wang/resource/TinyLlama-1.1B-Chat-v1.0,51.64477974176407,6807.576358318329,9.412936866283417,0.27986615896224976,4443.27475503087,0.23051723837852478,4453.521512448788,,full/exact transformers smoke,Ground truth is not established in the paper,,zai-org/LongBench,,,,,batch,,,,,,
full,,559.8341338336468,True,True,The ex-Reading defender denied fraudulent trading charges rel,661.5009765625,recompute,0.0,1.0,xsum_000000,6833.57421875,559.8341338336468,medium,calibration,summary,transformers,,false,,,,full,,,,,,0.0,0.0,0.0,/DATACENTER3/zhenxiang.wang/resource/TinyLlama-1.1B-Chat-v1.0,51.64477974176407,6807.576358318329,1.1423900723457336,0.10948628187179565,558.2093596458435,0.15241652727127075,559.8341338336468,,full/exact transformers smoke,Former Premier League footballer Sam Sodje has appeared in court alongside three brothers accused of charity fraud.,,EdinburghNLP/xsum,,,,,batch,,,,,,
full,,496.9847872853279,True,True,"Four police officers were injured in the incident on Friday night. A man, aged",653.181640625,recompute,0.0,1.0,xsum_000004,6833.57421875,496.9847872853279,short,calibration,summary,transformers,,false,,,,full,,,,,,0.0,0.0,0.0,/DATACENTER3/zhenxiang.wang/resource/TinyLlama-1.1B-Chat-v1.0,51.64477974176407,6807.576358318329,0.6170272827148438,0.08885189890861511,495.9174357354641,0.13270601630210876,496.9847872853279,,full/exact transformers smoke,Two teenagers have been charged in connection with an incident in west Belfast in which a car collided with two police vehicles.,,EdinburghNLP/xsum,,,,,batch,,,,,,
full,,1855.7250797748566,True,True,Ms Cooper told BBC Radio 4's Today programme that she would use,788.7255859375,recompute,0.0,1.0,xsum_000009,6833.57421875,1855.7250797748566,long,calibration,summary,transformers,,false,,,,full,,,,,,0.0,0.0,0.0,/DATACENTER3/zhenxiang.wang/resource/TinyLlama-1.1B-Chat-v1.0,51.64477974176407,6807.576358318329,4.13208082318306,0.11429190635681152,1851.0493114590645,0.18686801195144653,1855.7250797748566,,full/exact transformers smoke,Labour leadership hopefuls Liz Kendall and Yvette Cooper have said their supporters should back anyone other than Jeremy Corbyn in the contest.,,EdinburghNLP/xsum,,,,,batch,,,,,,
full,,3213.1465040147305,True,True,"Labour MP Yvette Cooper said it was ""offensive, hurtful and",908.26953125,recompute,0.0,1.0,xsum_000071,6833.57421875,3213.1465040147305,xl,calibration,summary,transformers,,false,,,,full,,,,,,0.0,0.0,0.0,/DATACENTER3/zhenxiang.wang/resource/TinyLlama-1.1B-Chat-v1.0,51.64477974176407,6807.576358318329,8.287355303764343,0.16777589917182922,3204.2661495506763,0.20055100321769714,3213.1465040147305,,full/exact transformers smoke,"David Cameron is facing Labour calls to apologise for calling refugees at a camp in Calais ""a bunch of migrants"" at Prime Minister's Questions.",,EdinburghNLP/xsum,,,,,batch,,,,,,
full,,2103.031113743782,True,True,"
GhostVLAD is a pooling strategy proposed by X. X",820.4658203125,recompute,0.0,1.0,longbench_qasper_000001,6833.57421875,2103.031113743782,long,calibration,qa_long_context,transformers,,false,,,,full,,,,,,0.0,0.0,0.0,/DATACENTER3/zhenxiang.wang/resource/TinyLlama-1.1B-Chat-v1.0,51.64477974176407,6807.576358318329,4.392638802528381,0.1353733241558075,2098.1891565024853,0.1233816146850586,2103.031113743782,,full/exact transformers smoke,"extension of the NetVLAD, adds Ghost clusters along with the NetVLAD clusters",,zai-org/LongBench,,,,,batch,,,,,,
full,,580.4000161588192,True,True,Voges forced to retire hurt on 86 after suffering injury while batt,675.3251953125,recompute,0.0,1.0,xsum_000001,6833.57421875,580.4000161588192,medium,calibration,summary,transformers,,false,,,,full,,,,,,0.0,0.0,0.0,/DATACENTER3/zhenxiang.wang/resource/TinyLlama-1.1B-Chat-v1.0,51.64477974176407,6807.576358318329,0.9871646761894226,0.08938834071159363,579.0152922272682,0.12771785259246826,580.4000161588192,,full/exact transformers smoke,Middlesex batsman Adam Voges will be out until August after suffering a torn calf muscle in his right leg.,,EdinburghNLP/xsum,,,,,batch,,,,,,
full,,471.17308899760246,True,True,A man has been arrested on suspicion of causing death by dangerous driving after a,652.158203125,recompute,0.0,1.0,xsum_000005,6833.57421875,471.17308899760246,short,calibration,summary,transformers,,false,,,,full,,,,,,0.0,0.0,0.0,/DATACENTER3/zhenxiang.wang/resource/TinyLlama-1.1B-Chat-v1.0,51.64477974176407,6807.576358318329,0.4548802971839905,0.08634477853775024,470.3436307609081,0.11702999472618103,471.17308899760246,,full/exact transformers smoke,A pedestrian has been struck by a taxi in Dundee after it mounted the pavement.,,EdinburghNLP/xsum,,,,,batch,,,,,,
full,,1208.4848172962666,True,True,The Association of School and College Leaders (ASCL) has published a survey,736.119140625,recompute,0.0,1.0,xsum_000010,6833.57421875,1208.4848172962666,long,calibration,summary,transformers,,false,,,,full,,,,,,0.0,0.0,0.0,/DATACENTER3/zhenxiang.wang/resource/TinyLlama-1.1B-Chat-v1.0,51.64477974176407,6807.576358318329,2.447977662086487,0.13256072998046875,1205.6123539805412,0.12293830513954163,1208.4848172962666,,full/exact transformers smoke,"Head teachers say they are axing GCSE and A-level subjects, increasing class sizes and cutting support services as they struggle with school funding.",,EdinburghNLP/xsum,,,,,batch,,,,,,
full,,3419.50823366642,True,True,"Liverpool 1, Manchester United 0. Goalscorer: Liverpool ",922.5146484375,recompute,0.0,1.0,xsum_000087,6833.57421875,3419.50823366642,xl,calibration,summary,transformers,,false,,,,full,,,,,,0.0,0.0,0.0,/DATACENTER3/zhenxiang.wang/resource/TinyLlama-1.1B-Chat-v1.0,51.64477974176407,6807.576358318329,6.363090127706528,0.16379356384277344,3412.6279652118683,0.1732558012008667,3419.50823366642,,full/exact transformers smoke,Liverpool and Manchester United played out a goalless and uneventful stalemate on a disappointing night at Anfield.,,EdinburghNLP/xsum,,,,,batch,,,,,,
full,,4610.89014261961,True,True,"
The proposed model outperforms the state of the art results by 6",804.724609375,recompute,0.0,1.0,longbench_qasper_000002,6765.84765625,4610.89014261961,long,calibration,qa_long_context,transformers,,false,,,,full,,,,,,0.0,0.0,0.0,/DATACENTER3/zhenxiang.wang/resource/TinyLlama-1.1B-Chat-v1.0,48.12172427773476,6644.207280129194,8.989129215478897,0.2771802246570587,4601.137757301331,0.22920966148376465,4610.89014261961,,full/exact transformers smoke,"the attention model, MDREA, also outperforms the best existing research results (WAP 0.690 to 0.688)",,zai-org/LongBench,,,,,batch,,,,,,
full,,751.5611723065376,True,True,The Duchess of Cambridge has been photographed for the June edition of British Vog,690.1728515625,recompute,0.0,1.0,xsum_000002,6765.84765625,751.5611723065376,medium,calibration,summary,transformers,,false,,,,full,,,,,,0.0,0.0,0.0,/DATACENTER3/zhenxiang.wang/resource/TinyLlama-1.1B-Chat-v1.0,48.12172427773476,6644.207280129194,1.7837472259998322,0.09725987911224365,749.3558004498482,0.13852491974830627,751.5611723065376,,full/exact transformers smoke,The Duchess of Cambridge will feature on the cover of British Vogue to mark the magazine's centenary.,,EdinburghNLP/xsum,,,,,batch,,,,,,
full,,446.0514709353447,True,True,"
The BBC's Ireland correspondent, Chris Buckler, reports on the",646.9111328125,recompute,0.0,1.0,xsum_000011,6765.84765625,446.0514709353447,short,calibration,summary,transformers,,false,,,,full,,,,,,0.0,0.0,0.0,/DATACENTER3/zhenxiang.wang/resource/TinyLlama-1.1B-Chat-v1.0,48.12172427773476,6644.207280129194,0.3401525318622589,0.07992610335350037,445.3463740646839,0.10497868061065674,446.0514709353447,,full/exact transformers smoke,"As the UK considers greater devolution in the aftermath of Scotland's independence referendum, should a troubled Northern Ireland Assembly push for more powers over its own affairs?",,EdinburghNLP/xsum,,,,,batch,,,,,,
full,,1239.815004169941,True,True,More than a dozen men stormed into the Kiwi cafe in the Georg,730.490234375,recompute,0.0,1.0,xsum_000017,6765.84765625,1239.815004169941,long,calibration,summary,transformers,,false,,,,full,,,,,,0.0,0.0,0.0,/DATACENTER3/zhenxiang.wang/resource/TinyLlama-1.1B-Chat-v1.0,48.12172427773476,6644.207280129194,2.2841431200504303,0.121288001537323,1237.0707467198372,0.14518573880195618,1239.815004169941,,full/exact transformers smoke,A vegan cafe in Tbilisi has appealed for public solidarity after being invaded by ultra-nationalists wielding grilled meat and sausages.,,EdinburghNLP/xsum,,,,,batch,,,,,,
full,,3509.8718479275703,True,True,"appreciate theft.
The latest news, and the latest?
",929.6103515625,recompute,0.0,1.0,xsum_000107,6765.84765625,3509.8718479275703,xl,calibration,summary,transformers,,false,,,,full,,,,,,0.0,0.0,0.0,/DATACENTER3/zhenxiang.wang/resource/TinyLlama-1.1B-Chat-v1.0,48.12172427773476,6644.207280129194,7.9043470323085785,0.15625730156898499,3501.315601170063,0.24663656949996948,3509.8718479275703,,full/exact transformers smoke,"Will a £300,000-a-week salary change a hot prospect's attitude to the game?",,EdinburghNLP/xsum,,,,,batch,,,,,,
full,,2185.341887176037,True,True,"
We propose the following additional features and context for abusive language detection:",821.2353515625,recompute,0.0,1.0,longbench_qasper_000003,6765.84765625,2185.341887176037,long,calibration,qa_long_context,transformers,,false,,,,full,,,,,,0.0,0.0,0.0,/DATACENTER3/zhenxiang.wang/resource/TinyLlama-1.1B-Chat-v1.0,48.12172427773476,6644.207280129194,5.881760269403458,0.15056133270263672,2178.966648876667,0.13838335871696472,2185.341887176037,,full/exact transformers smoke,using tweets that one has replied or quoted to as contextual information,,zai-org/LongBench,,,,,batch,,,,,,
full,,831.8125568330288,True,True,"Chris Poole, the administrator of the controversial 4chan site, has",699.259765625,recompute,0.0,1.0,xsum_000003,6765.84765625,831.8125568330288,medium,calibration,summary,transformers,,false,,,,full,,,,,,0.0,0.0,0.0,/DATACENTER3/zhenxiang.wang/resource/TinyLlama-1.1B-Chat-v1.0,48.12172427773476,6644.207280129194,1.6552992165088654,0.1100786030292511,829.7278769314289,0.1315288245677948,831.8125568330288,,full/exact transformers smoke,Google has hired the creator of one of the web's most notorious forums - 4chan.,,EdinburghNLP/xsum,,,,,batch,,,,,,
full,,513.7363225221634,True,True,A man has been arrested after a 12-year-old boy was,659.271484375,recompute,0.0,1.0,xsum_000013,6765.84765625,513.7363225221634,short,calibration,summary,transformers,,false,,,,full,,,,,,0.0,0.0,0.0,/DATACENTER3/zhenxiang.wang/resource/TinyLlama-1.1B-Chat-v1.0,48.12172427773476,6644.207280129194,0.6248466670513153,0.0910833477973938,512.7203725278378,0.12302771210670471,513.7363225221634,,full/exact transformers smoke,"A man tried to abduct a boy outside a primary school in Milton Keynes, the school said.",,EdinburghNLP/xsum,,,,,batch,,,,,,
full,,1027.7215912938118,True,True,"
Bradshaw, who has scored three goals in 19 appearances",712.314453125,recompute,0.0,1.0,xsum_000019,6765.84765625,1027.7215912938118,long,calibration,summary,transformers,,false,,,,full,,,,,,0.0,0.0,0.0,/DATACENTER3/zhenxiang.wang/resource/TinyLlama-1.1B-Chat-v1.0,48.12172427773476,6644.207280129194,1.847490668296814,0.10209158062934875,1025.4552774131298,0.13761594891548157,1027.7215912938118,,full/exact transformers smoke,Barnsley striker Tom Bradshaw says every footballer can learn from the examples set by Wales stars Gareth Bale and Aaron Ramsey.,,EdinburghNLP/xsum,,,,,batch,,,,,,
full,,3654.2753353714943,True,True,"
between.

or.





2.
",944.1240234375,recompute,0.0,1.0,xsum_000110,6765.84765625,3654.2753353714943,xl,calibration,summary,transformers,,false,,,,full,,,,,,0.0,0.0,0.0,/DATACENTER3/zhenxiang.wang/resource/TinyLlama-1.1B-Chat-v1.0,48.12172427773476,6644.207280129194,7.744003087282181,0.17116963863372803,3646.008539944887,0.1216307282447815,3654.2753353714943,,full/exact transformers smoke,Football's crisis-hit world governing body Fifa will meet in Zurich on Friday and elect a new leader to try to take the damaged organisation forward into a new era.,,EdinburghNLP/xsum,,,,,batch,,,,,,
full,,4436.032138764858,True,True,"
We looked at different pages, aiming at a balanced and varied dataset",816.552734375,recompute,0.0,1.0,longbench_qasper_000004,6786.4140625,4436.032138764858,long,calibration,qa_long_context,transformers,,false,,,,full,,,,,,0.0,0.0,0.0,/DATACENTER3/zhenxiang.wang/resource/TinyLlama-1.1B-Chat-v1.0,53.644564002752304,6659.639831632376,9.387940168380737,0.2646632492542267,4425.870142877102,0.2255663275718689,4436.032138764858,,full/exact transformers smoke,"FoxNews, CNN, ESPN, New York Times, Time magazine, Huffington Post Weird News, The Guardian, Cartoon Network, Cooking Light, Home Cooking Adventure, Justin Bieber, Nickelodeon, Spongebob, Disney",,zai-org/LongBench,,,,,batch,,,,,,
full,,729.2453646659851,True,True,Barca will be investigated for alleged misappropriation of funds in,696.443359375,recompute,0.0,1.0,xsum_000006,6786.4140625,729.2453646659851,medium,calibration,summary,transformers,,false,,,,full,,,,,,0.0,0.0,0.0,/DATACENTER3/zhenxiang.wang/resource/TinyLlama-1.1B-Chat-v1.0,53.644564002752304,6659.639831632376,1.837845891714096,0.11605396866798401,726.9277982413769,0.1493990421295166,729.2453646659851,,full/exact transformers smoke,Barcelona football club chief Sandro Rosell has resigned following a Spanish court's decision to look into last year's signing of Brazil star Neymar.,,EdinburghNLP/xsum,,,,,batch,,,,,,
full,,512.49685510993,True,True,"The International Cricket Council said the 29-year-old is """,656.1259765625,recompute,0.0,1.0,xsum_000029,6786.4140625,512.49685510993,short,calibration,summary,transformers,,false,,,,full,,,,,,0.0,0.0,0.0,/DATACENTER3/zhenxiang.wang/resource/TinyLlama-1.1B-Chat-v1.0,53.644564002752304,6659.639831632376,0.5568116903305054,0.08922070264816284,511.5421824157238,0.12759119272232056,512.49685510993,,full/exact transformers smoke,Sri Lanka seamer Shaminda Eranga was reported for a suspect bowling action in the second-Test defeat by England at Chester-le-Street.,,EdinburghNLP/xsum,,,,,batch,,,,,,
full,,1053.1011708080769,True,True,Forestart harvests a billion wild tree seeds every year to grow into,718.96875,recompute,0.0,1.0,xsum_000027,6786.4140625,1053.1011708080769,long,calibration,summary,transformers,,false,,,,full,,,,,,0.0,0.0,0.0,/DATACENTER3/zhenxiang.wang/resource/TinyLlama-1.1B-Chat-v1.0,53.644564002752304,6659.639831632376,2.2097714245319366,0.10317564010620117,1050.3874458372593,0.19778311252593994,1053.1011708080769,,full/exact transformers smoke,Aspens are one of our most beautiful native trees and there's a huge demand for seeds to grow new ones for planting.,,EdinburghNLP/xsum,,,,,batch,,,,,,
full,,2208.639681339264,True,True,"
Yes, the SemEval datasets contain only English data.

Question",824.955078125,recompute,0.0,1.0,longbench_qasper_000005,6786.4140625,2208.639681339264,long,calibration,qa_long_context,transformers,,false,,,,full,,,,,,0.0,0.0,0.0,/DATACENTER3/zhenxiang.wang/resource/TinyLlama-1.1B-Chat-v1.0,53.644564002752304,6659.639831632376,5.57563453912735,0.131901353597641,2202.571664005518,0.16516447067260742,2208.639681339264,,full/exact transformers smoke,Yes,,zai-org/LongBench,,,,,batch,,,,,,
full,,2157.7939838171005,True,True,"
1. Pre-training and fine-tuning with CTC objective function",832.11328125,recompute,0.0,1.0,longbench_qasper_000100,6786.4140625,2157.7939838171005,long,eval,qa_long_context,transformers,,false,,,,full,,,,,,0.0,0.0,0.0,/DATACENTER3/zhenxiang.wang/resource/TinyLlama-1.1B-Chat-v1.0,53.644564002752304,6659.639831632376,4.677973687648773,0.13320893049240112,2152.656003832817,0.13641640543937683,2157.7939838171005,,full/exact transformers smoke,"Vanilla ST baseline, encoder pre-training, in which the ST encoder is initialized from an ASR model, decoder pre-training, in which the ST decoder is initialized from an MT model, encoder-decoder pre-training, where both the encoder and decoder are pre-trained, many-to-many multi-task model where the encoders and decoders are derived from pre-trained ASR and MT models, Triangle+pre-train: BIBREF18 DBLP:conf/naacl/AnastasopoulosC18 proposed a triangle multi-task strategy for speech translation",,zai-org/LongBench,,,,,batch,,,,,,
full,,500.07613003253937,True,True,The 22-year-old has made 13 appearances for Ever,657.4072265625,recompute,0.0,1.0,xsum_000150,6786.4140625,500.07613003253937,short,eval,summary,transformers,,false,,,,full,,,,,,0.0,0.0,0.0,/DATACENTER3/zhenxiang.wang/resource/TinyLlama-1.1B-Chat-v1.0,53.644564002752304,6659.639831632376,0.6256327033042908,0.09025633335113525,499.05912950634956,0.1292973756790161,500.07613003253937,,full/exact transformers smoke,Everton winger Gerard Deulofeu has joined Italian side AC Milan on loan until the end of the season.,,EdinburghNLP/xsum,,,,,batch,,,,,,
full,,1208.1799022853374,True,True,"Premier Foods, the UK's biggest food group, has rejected a £",733.9443359375,recompute,0.0,1.0,xsum_000151,6786.4140625,1208.1799022853374,long,eval,summary,transformers,,false,,,,full,,,,,,0.0,0.0,0.0,/DATACENTER3/zhenxiang.wang/resource/TinyLlama-1.1B-Chat-v1.0,53.644564002752304,6659.639831632376,2.0505860447883606,0.10502338409423828,1205.702979117632,0.1255720853805542,1208.1799022853374,,full/exact transformers smoke,"McCormick, the American food flavourings business, has said it may increase its $700m (£494m) bid for the UK's Premier Foods.",,EdinburghNLP/xsum,,,,,batch,,,,,,
full,,758.7257660925388,True,True,"Nabila Nanfuka, 22, and Laurene-Dan",693.37109375,recompute,0.0,1.0,xsum_000152,6786.4140625,758.7257660925388,medium,eval,summary,transformers,,false,,,,full,,,,,,0.0,0.0,0.0,/DATACENTER3/zhenxiang.wang/resource/TinyLlama-1.1B-Chat-v1.0,53.644564002752304,6659.639831632376,1.4836452901363373,0.10632723569869995,756.8437531590462,0.11704117059707642,758.7257660925388,,full/exact transformers smoke,"The policing of a major incident at a nightclub in which two students were killed in a crush was ""appropriate"", the police watchdog has said.",,EdinburghNLP/xsum,,,,,batch,,,,,,
full,,2088.3437655866146,True,True,"
This paper studies the problem of propaganda detection at the sentence and fragment level",806.3876953125,recompute,0.0,1.0,longbench_qasper_000101,6786.4140625,2088.3437655866146,long,eval,qa_long_context,transformers,,false,,,,full,,,,,,0.0,0.0,0.0,/DATACENTER3/zhenxiang.wang/resource/TinyLlama-1.1B-Chat-v1.0,53.644564002752304,6659.639831632376,4.515849053859711,0.12540817260742188,2083.3576880395412,0.146523118019104,2088.3437655866146,,full/exact transformers smoke,Unanswerable,,zai-org/LongBench,,,,,batch,,,,,,
full,,2740.2628883719444,True,True,A 15-year-old boy and a 17-year,653.3095703125,recompute,0.0,1.0,xsum_000157,6853.18359375,2740.2628883719444,short,eval,summary,transformers,,false,,,,full,,,,,,0.0,0.0,0.0,/DATACENTER3/zhenxiang.wang/resource/TinyLlama-1.1B-Chat-v1.0,48.34650829434395,6596.3161662220955,4.017755389213562,0.23166462779045105,2735.5561703443527,0.2058073878288269,2740.2628883719444,,full/exact transformers smoke,"A community worker has said scrambler motorcycles are a problem in west Belfast, as a woman remains in a critical condition after a collision.",,EdinburghNLP/xsum,,,,,batch,,,,,,
full,,1234.9296174943447,True,True,"The $100 (Â£80) Light Phone, a credit",728.8251953125,recompute,0.0,1.0,xsum_000153,6853.18359375,1234.9296174943447,long,eval,summary,transformers,,false,,,,full,,,,,,0.0,0.0,0.0,/DATACENTER3/zhenxiang.wang/resource/TinyLlama-1.1B-Chat-v1.0,48.34650829434395,6596.3161662220955,3.5965852439403534,0.1218654215335846,1230.8461032807827,0.14733895659446716,1234.9296174943447,,full/exact transformers smoke,A crowdfunded handset designed to help people disconnect from their smartphones is due to ship at the end of November after a series of setbacks.,,EdinburghNLP/xsum,,,,,batch,,,,,,
full,,543.8813790678978,True,True,"The alleged attack happened at the Glenbourne unit, part of the Derrif",660.861328125,recompute,0.0,1.0,xsum_000154,6853.18359375,543.8813790678978,medium,eval,summary,transformers,,false,,,,full,,,,,,0.0,0.0,0.0,/DATACENTER3/zhenxiang.wang/resource/TinyLlama-1.1B-Chat-v1.0,48.34650829434395,6596.3161662220955,0.9039491415023804,0.09565427899360657,542.5651036202908,0.11957064270973206,543.8813790678978,,full/exact transformers smoke,A care worker at an NHS psychiatric unit has been charged with raping a young female patient.,,EdinburghNLP/xsum,,,,,batch,,,,,,
full,,2213.669840246439,True,True,"
The experiment uses a hierarchical three-level annotation model, which is",825.3291015625,recompute,0.0,1.0,longbench_qasper_000102,6853.18359375,2213.669840246439,long,eval,qa_long_context,transformers,,false,,,,full,,,,,,0.0,0.0,0.0,/DATACENTER3/zhenxiang.wang/resource/TinyLlama-1.1B-Chat-v1.0,48.34650829434395,6596.3161662220955,5.172021687030792,0.13701990246772766,2207.874070852995,0.19479170441627502,2213.669840246439,,full/exact transformers smoke,"linear SVM, bidirectional Long Short-Term-Memory (BiLSTM), Convolutional Neural Network (CNN)",,zai-org/LongBench,,,,,batch,,,,,,
full,,469.59494799375534,True,True,"Whiffin joined the club in 2005 as analyst,",652.98046875,recompute,0.0,1.0,xsum_000167,6853.18359375,469.59494799375534,short,eval,summary,transformers,,false,,,,full,,,,,,0.0,0.0,0.0,/DATACENTER3/zhenxiang.wang/resource/TinyLlama-1.1B-Chat-v1.0,48.34650829434395,6596.3161662220955,0.7363557815551758,0.09711459279060364,468.38074550032616,0.16598030924797058,469.59494799375534,,full/exact transformers smoke,London Irish have parted company with assistant coach Richard Whiffin following Premiership relegation.,,EdinburghNLP/xsum,,,,,batch,,,,,,
full,,949.127908796072,True,True,"Michael Young, from Larbert in Stirlingshire, has Duchenne mus",709.8818359375,recompute,0.0,1.0,xsum_000158,6853.18359375,949.127908796072,long,eval,summary,transformers,,false,,,,full,,,,,,0.0,0.0,0.0,/DATACENTER3/zhenxiang.wang/resource/TinyLlama-1.1B-Chat-v1.0,48.34650829434395,6596.3161662220955,2.7022287249565125,0.10220333933830261,945.9306672215462,0.19257888197898865,949.127908796072,,full/exact transformers smoke,A nine-year-old boy with muscular dystrophy has met with First Minister Nicola Sturgeon after he wrote to her campaigning for a new treatment.,,EdinburghNLP/xsum,,,,,batch,,,,,,
full,,946.5717300772667,True,True,"The UKIP leader tweeted he was ""at a standstill for",705.5302734375,recompute,0.0,1.0,xsum_000155,6853.18359375,946.5717300772667,medium,eval,summary,transformers,,false,,,,full,,,,,,0.0,0.0,0.0,/DATACENTER3/zhenxiang.wang/resource/TinyLlama-1.1B-Chat-v1.0,48.34650829434395,6596.3161662220955,1.708749681711197,0.10039284825325012,944.4196447730064,0.14463812112808228,946.5717300772667,,full/exact transformers smoke,Nigel Farage missed an appearance on BBC Question Time after getting caught in a traffic jam on the A1.,,EdinburghNLP/xsum,,,,,batch,,,,,,
full,,2055.670488625765,True,True,"
Yes, they do. The answerability of questions is a critical factor in",809.4580078125,recompute,0.0,1.0,longbench_qasper_000103,6853.18359375,2055.670488625765,long,eval,qa_long_context,transformers,,false,,,,full,,,,,,0.0,0.0,0.0,/DATACENTER3/zhenxiang.wang/resource/TinyLlama-1.1B-Chat-v1.0,48.34650829434395,6596.3161662220955,5.500391125679016,0.15097111463546753,2049.504078924656,0.21610036492347717,2055.670488625765,,full/exact transformers smoke,No,,zai-org/LongBench,,,,,batch,,,,,,
full,,526.1965617537498,True,True,A 15-year-old boy has been charged with grievous,653.3095703125,recompute,0.0,1.0,xsum_000174,6853.18359375,526.1965617537498,short,eval,summary,transformers,,false,,,,full,,,,,,0.0,0.0,0.0,/DATACENTER3/zhenxiang.wang/resource/TinyLlama-1.1B-Chat-v1.0,48.34650829434395,6596.3161662220955,0.9221881628036499,0.12463703751564026,524.7295685112476,0.16785413026809692,526.1965617537498,,full/exact transformers smoke,A 15-year-old boy has been charged with attempted murder after two pupils were stabbed at a school in Dulwich.,,EdinburghNLP/xsum,,,,,batch,,,,,,
full,,1192.8531862795353,True,True,The Office for National Statistics (ONS) figures for migration to the UK from,734.83984375,recompute,0.0,1.0,xsum_000160,6853.18359375,1192.8531862795353,long,eval,summary,transformers,,false,,,,full,,,,,,0.0,0.0,0.0,/DATACENTER3/zhenxiang.wang/resource/TinyLlama-1.1B-Chat-v1.0,48.34650829434395,6596.3161662220955,3.174062818288803,0.13198703527450562,1189.2202906310558,0.12377649545669556,1192.8531862795353,,full/exact transformers smoke,Campaigners to leave the European Union have been badgering the government about the reliability of the official immigration statistics.,,EdinburghNLP/xsum,,,,,batch,,,,,,
full,,3171.119064092636,True,True,"The star told a Cannes press conference she likes to make ""bold""",707.52734375,recompute,0.0,1.0,xsum_000156,6767.49609375,3171.119064092636,medium,eval,summary,transformers,,false,,,,full,,,,,,0.0,0.0,0.0,/DATACENTER3/zhenxiang.wang/resource/TinyLlama-1.1B-Chat-v1.0,49.469854682683945,6691.364675760269,6.010424345731735,0.28700754046440125,3164.3775030970573,0.20329654216766357,3171.119064092636,,full/exact transformers smoke,Oscar winner Nicole Kidman says she still acts like she's 21 when it comes to acting roles.,,EdinburghNLP/xsum,,,,,batch,,,,,,
full,,2174.477953463793,True,True,"
GloVe, Edinburgh embeddings, and Emoji embed",818.6640625,recompute,0.0,1.0,longbench_qasper_000104,6767.49609375,2174.477953463793,long,eval,qa_long_context,transformers,,false,,,,full,,,,,,0.0,0.0,0.0,/DATACENTER3/zhenxiang.wang/resource/TinyLlama-1.1B-Chat-v1.0,49.469854682683945,6691.364675760269,5.9623755514621735,0.14458969235420227,2167.951948940754,0.15973299741744995,2174.477953463793,,full/exact transformers smoke,Pretrained word embeddings  were not used,,zai-org/LongBench,,,,,batch,,,,,,
full,,509.42404195666313,True,True,"The BBC is not responsible for any changes that may be made.
The BBC",646.013671875,recompute,0.0,1.0,xsum_000194,6767.49609375,509.42404195666313,short,eval,summary,transformers,,false,,,,full,,,,,,0.0,0.0,0.0,/DATACENTER3/zhenxiang.wang/resource/TinyLlama-1.1B-Chat-v1.0,49.469854682683945,6691.364675760269,0.5085393786430359,0.10424479842185974,508.4076337516308,0.16888603568077087,509.42404195666313,,full/exact transformers smoke,"The BBC has extensive live athletics coverage across TV, desktop, mobile, tablet and app.",,EdinburghNLP/xsum,,,,,batch,,,,,,
full,,1346.9693399965763,True,True,The Association of Teachers and Lecturers (ATL) has,747.2568359375,recompute,0.0,1.0,xsum_000164,6767.49609375,1346.9693399965763,long,eval,summary,transformers,,false,,,,full,,,,,,0.0,0.0,0.0,/DATACENTER3/zhenxiang.wang/resource/TinyLlama-1.1B-Chat-v1.0,49.469854682683945,6691.364675760269,3.672245889902115,0.14340505003929138,1342.5560891628265,0.24085864424705505,1346.9693399965763,,full/exact transformers smoke,One of the most moderate teaching unions has voted for industrial action over government plans to force all schools in England to become academies.,,EdinburghNLP/xsum,,,,,batch,,,,,,
full,,769.2515999078751,True,True,"
Lancashire were all out for 249, having been",693.4990234375,recompute,0.0,1.0,xsum_000159,6767.49609375,769.2515999078751,medium,eval,summary,transformers,,false,,,,full,,,,,,0.0,0.0,0.0,/DATACENTER3/zhenxiang.wang/resource/TinyLlama-1.1B-Chat-v1.0,49.469854682683945,6691.364675760269,2.8595179319381714,0.13145804405212402,765.8622488379478,0.13608485460281372,769.2515999078751,,full/exact transformers smoke,Pace bowler Kyle Jarvis claimed 5-69 for Lancashire as they earned a sizeable first-innings lead on a rain-shortened day against Leicestershire.,,EdinburghNLP/xsum,,,,,batch,,,,,,
full,,2237.4008260667324,True,True,"
The results show that our model can generate plausible and personalized reci",829.4267578125,recompute,0.0,1.0,longbench_qasper_000105,6767.49609375,2237.4008260667324,long,eval,qa_long_context,transformers,,false,,,,full,,,,,,0.0,0.0,0.0,/DATACENTER3/zhenxiang.wang/resource/TinyLlama-1.1B-Chat-v1.0,49.469854682683945,6691.364675760269,6.529711186885834,0.1659691333770752,2230.3097657859325,0.16909465193748474,2237.4008260667324,,full/exact transformers smoke,"average recipe-level coherence scores of 1.78-1.82, human evaluators preferred personalized model outputs to baseline 63% of the time",,zai-org/LongBench,,,,,batch,,,,,,
full,,475.5156747996807,True,True,A 39-year-old man has appeared in court charged with possession,650.78515625,recompute,0.0,1.0,xsum_000207,6767.49609375,475.5156747996807,short,eval,summary,transformers,,false,,,,full,,,,,,0.0,0.0,0.0,/DATACENTER3/zhenxiang.wang/resource/TinyLlama-1.1B-Chat-v1.0,49.469854682683945,6691.364675760269,0.6594173610210419,0.09468942880630493,474.4427315890789,0.1318715512752533,475.5156747996807,,full/exact transformers smoke,"A man has appeared in court after cannabis with an estimated street value of £90,000 was seized in Aberdeen.",,EdinburghNLP/xsum,,,,,batch,,,,,,
full,,1232.4007153511047,True,True,Mr Blackman is championing an e-petition demanding the change in,739.5771484375,recompute,0.0,1.0,xsum_000172,6767.49609375,1232.4007153511047,long,eval,summary,transformers,,false,,,,full,,,,,,0.0,0.0,0.0,/DATACENTER3/zhenxiang.wang/resource/TinyLlama-1.1B-Chat-v1.0,49.469854682683945,6691.364675760269,2.595357596874237,0.1090802252292633,1229.3678186833858,0.13037025928497314,1232.4007153511047,,full/exact transformers smoke,"The UK should show that it ""embraces"" the Muslim and Hindu faiths by making Eid and Diwali public holidays, Conservative MP Bob Blackman has said.",,EdinburghNLP/xsum,,,,,batch,,,,,,
full,,517.302855849266,True,True,"
Halai has scored 14 tries in 41 games for",659.9658203125,recompute,0.0,1.0,xsum_000161,6767.49609375,517.302855849266,medium,eval,summary,transformers,,false,,,,full,,,,,,0.0,0.0,0.0,/DATACENTER3/zhenxiang.wang/resource/TinyLlama-1.1B-Chat-v1.0,49.469854682683945,6691.364675760269,0.6958916783332825,0.096835196018219,516.2064731121063,0.11855736374855042,517.302855849266,,full/exact transformers smoke,Wasps winger Frank Halai will join French Top 14 side Pau at the end of the Premiership season.,,EdinburghNLP/xsum,,,,,batch,,,,,,
full,,2049.979891628027,True,True,"
The combination of rewards for reinforcement learning is denoising auto",806.515625,recompute,0.0,1.0,longbench_qasper_000106,6767.49609375,2049.979891628027,long,eval,qa_long_context,transformers,,false,,,,full,,,,,,0.0,0.0,0.0,/DATACENTER3/zhenxiang.wang/resource/TinyLlama-1.1B-Chat-v1.0,49.469854682683945,6691.364675760269,4.725784063339233,0.1288279891014099,2044.7214879095554,0.172492116689682,2049.979891628027,,full/exact transformers smoke,"irony accuracy, sentiment preservation",,zai-org/LongBench,,,,,batch,,,,,,
