request_id,session_id,turn_index,arrival_index,task,prompt,reference,history_turns,split,original_request_id,original_session_id,pressure_round,pressure_copy,pressure_budget_mib
hybrid-session-000-turn-0__pressure_r1_c1,hybrid-session-000__pressure_r1_c1,0,0,chat,Byeee,Goodbye! Let me know if you need any help in the future.,[],candidate,hybrid-session-000-turn-0,hybrid-session-000,1,1,4900.0
hybrid-session-001-turn-0__pressure_r1_c1,hybrid-session-001__pressure_r1_c1,0,1,chat,Check how Charlie is doing.,"As you look at Charlie, you see that he's sleeping peacefully near the fire. His breathing is slow and even, and he looks content and well-fed from the meal of fish you caught earlier.",[],candidate,hybrid-session-001-turn-0,hybrid-session-001,1,1,4900.0
hybrid-session-002-turn-0__pressure_r1_c1,hybrid-session-002__pressure_r1_c1,0,2,chat,"would I have to open the ports mentioned previously on the domain controller, client, or both","The firewall ports mentioned previously need to be open on both the client and the domain controller, as well as any intermediate firewalls that may be present in the network.
1. TCP 3389: This port needs to be open on the remote system that is being accessed via RDP, so that the RDP client can connect to it.
2. TCP/UDP 88, 135, 139, and 445: These ports are used for authentication and communication with the domain controller. They need to be open on both the client and the domain controller, so that the client can communicate with the domain controller and the domain controller can respond to the client's requests.
It is important to note that opening these firewall ports may pose a security risk, as it could allow unauthorized access to the systems. It is recommended to follow best security practices, such as using a secure network segment and implementing firewall rules that only allow traffic from trusted sources.",[],candidate,hybrid-session-002-turn-0,hybrid-session-002,1,1,4900.0
hybrid-session-000-turn-1__pressure_r1_c1,hybrid-session-000__pressure_r1_c1,1,3,chat,Give me an example of an equation,"Sure, here is an example of a simple algebraic equation:
x + 2 = 4
This equation can be read as ""x plus 2 equals 4."" To solve for x, you would subtract 2 from both sides of the equation, resulting in:
x = 2
This means that x is equal to 2.
Another example would be the Quadratic Equation
ax^2 + bx + c = 0
where a,b,c are coefficients and x is variable.","[""User: Byeee"", ""Assistant: Goodbye! Let me know if you need any help in the future.""]",candidate,hybrid-session-000-turn-1,hybrid-session-000,1,1,4900.0
hybrid-session-001-turn-1__pressure_r1_c1,hybrid-session-001__pressure_r1_c1,1,4,chat,"Ask the elder if he is the wizard or if not, where I can find him.","The elder informs you that he is not a wizard but that there is a powerful wizard who lives in a tower on the outskirts of the village. He warns you that the wizard is reclusive and rarely sees visitors, but he offers to provide you with directions to the tower. He also advises you to be cautious in dealing with the wizard, as his powers are not to be underestimated.","[""User: Check how Charlie is doing."", ""Assistant: As you look at Charlie, you see that he's sleeping peacefully near the fire. His breathing is slow and even, and he looks content and well-fed from the meal of fish you caught earlier.""]",candidate,hybrid-session-001-turn-1,hybrid-session-001,1,1,4900.0
hybrid-session-002-turn-1__pressure_r1_c1,hybrid-session-002__pressure_r1_c1,1,5,chat,what direction would these firewall rules need to be on each system,"The firewall rules for the ports mentioned previously should allow incoming traffic to the systems on which they are required.
1. On the remote system being accessed via RDP (TCP 3389): The firewall should allow incoming traffic on TCP port 3389, so that the RDP client can connect to it.
2. On the domain controller (TCP/UDP 88, 135, 139, and 445): The firewall should allow incoming traffic on these ports, so that clients can communicate with the domain controller and the domain controller can respond to the clients' requests.
3. On the client system: The firewall should allow outgoing traffic on these ports, so that the client can communicate with the domain controller and access remote systems via RDP.
It is important to keep in mind that the exact configuration of firewall rules will depend on the specific network setup and security requirements. It is always recommended to consult with a network administrator or security expert to determine the best firewall configuration for a given environment.","[""User: would I have to open the ports mentioned previously on the domain controller, client, or both"", ""Assistant: The firewall ports mentioned previously need to be open on both the client and the domain controller, as well as any intermediate firewalls that may be present in the network.\n1. TCP 3389: This port needs to be open on the remote system that is being accessed via RDP, so that the RDP client can connect to it.\n2. TCP/UDP 88, 135, 139, and 445: These ports are used for authentication and communication with the domain controller. They need to be open on both the client and the domain controller, so that the client can communicate with the domain controller and the domain controller can respond to the client's requests.\nIt is important to note that opening these firewall ports may pose a security risk, as it could allow unauthorized access to the systems. It is recommended to follow best security practices, such as using a secure network segment and implementing firewall rules that only allow traffic from trusted sources.""]",candidate,hybrid-session-002-turn-1,hybrid-session-002,1,1,4900.0
hybrid-session-000-turn-2__pressure_r1_c1,hybrid-session-000__pressure_r1_c1,2,6,qa,"Context:
10pt
1.10pt
[ Characterizing Political Fake News in Twitter by its Meta-DataJulio Amador Díaz LópezAxel Oehmichen Miguel Molina-Solana( j.amador, axelfrancois.oehmichen11, mmolinas@imperial.ac.uk ) Imperial College London This article presents a preliminary approach towards characterizing political fake news on Twitter through the analysis of their meta-data. In particular, we focus on more than 1.5M tweets collected on the day of the election of Donald Trump as 45th president of the United States ",Ground truth is not established in the paper,"[""User: Byeee"", ""Assistant: Goodbye! Let me know if you need any help in the future."", ""User: Give me an example of an equation"", ""Assistant: Sure, here is an example of a simple algebraic equation:\nx + 2 = 4\nThis equation can be read as \""x plus 2 equals 4.\"" To solve for x, you would subtract 2 from both sides of the equation, resulting in:\nx = 2\nThis means that x is equal to 2.\nAnother example would be the Quadratic Equation\nax^2 + bx + c = 0\nwhere a,b,c are coefficients and x is variable.""]",candidate,hybrid-session-000-turn-2,hybrid-session-000,1,1,4900.0
hybrid-session-001-turn-2__pressure_r1_c1,hybrid-session-001__pressure_r1_c1,2,7,summary,"This report provides background information and issues for Congress on multiyear procurement (MYP) and block buy contracting (BBC), which are special contracting mechanisms that Congress permits the Department of Defense (DOD) to use for a limited number of defense acquisition programs. Compared to the standard or default approach of annual contracting, MYP and BBC have the potential for reducing weapon procurement costs by a few or several percent. Potential issues for Congress concerning MYP and BBC inclu","Multiyear procurement (MYP) and block buy contracting (BBC) are special contracting mechanisms that Congress permits the Department of Defense (DOD) to use for a limited number of defense acquisition programs. Compared to the standard or default approach of annual contracting, MYP and BBC have the potential for reducing weapon procurement costs by a few or several percent. Under annual contracting, DOD uses one or more contracts for each year's worth of procurement of a given kind of item. Under MYP, DOD instead uses a single contract for two to five years' worth of procurement of a given kind of item without having to exercise a contract option for each year after the first year. DOD needs congressional approval for each use of MYP. There is a permanent statute governing MYP contracting—10 U.S.C. 2306b. Under this statute, a program must meet several criteria to qualify for MYP. Compared with estimated costs under annual contracting, estimated savings for programs being proposed for MYP have ranged from less than 5% to more than 15%, depending on the particulars of the program in question, with many estimates falling in the range of 5% to 10%. In practice, actual savings from using MYP rather than annual contracting can be difficult to observe or verify because of cost growth during the execution of the contract due to changes in the program independent of the use of MYP rather than annual contracting. BBC is similar to MYP in that it permits DOD to use a single contract for more than one year's worth of procurement of a given kind of item without having to exercise a contract option for each year after the first year. BBC is also similar to MYP in that DOD needs congressional approval for each use of BBC. BBC differs from MYP in the following ways: There is no permanent statute governing the use of BBC. There is no requirement that BBC be approved in both a DOD appropriations act and an act other than a DOD appropriations act. Programs being considered for BBC do not need to meet any legal criteria to qualify for BBC, because there is no permanent statute governing the use of BBC that establishes such criteria. A BBC contract can cover more than five years of planned procurements. Economic order quantity (EOQ) authority—the authority to bring forward selected key components of the items to be procured under the contract and purchase the components in batch form during the first year or two of the contract—does not come automatically as part of BBC authority because there is no permanent statute governing the use of BBC that includes EOQ authority as an automatic feature. BBC contracts are less likely to include cancellation penalties. Potential issues for Congress concerning MYP and BBC include whether to use MYP and BBC in the future more frequently, less frequently, or about as frequently as they are currently used; whether to create a permanent statute to govern the use of BBC, analogous to the permanent statute that governs the use of MYP; and whether the Coast Guard should begin making use of MYP and BBC.","[""User: Check how Charlie is doing."", ""Assistant: As you look at Charlie, you see that he's sleeping peacefully near the fire. His breathing is slow and even, and he looks content and well-fed from the meal of fish you caught earlier."", ""User: Ask the elder if he is the wizard or if not, where I can find him."", ""Assistant: The elder informs you that he is not a wizard but that there is a powerful wizard who lives in a tower on the outskirts of the village. He warns you that the wizard is reclusive and rarely sees visitors, but he offers to provide you with directions to the tower. He also advises you to be cautious in dealing with the wizard, as his powers are not to be underestimated.""]",candidate,hybrid-session-001-turn-2,hybrid-session-001,1,1,4900.0
hybrid-session-002-turn-2__pressure_r1_c1,hybrid-session-002__pressure_r1_c1,2,8,qa,"Context:
INTRODUCTION
The idea of language identification is to classify a given audio signal into a particular class using a classification algorithm. Commonly language identification task was done using i-vector systems [1]. A very well known approach for language identification proposed by N. Dahek et al. [1] uses the GMM-UBM model to obtain utterance level features called i-vectors. Recent advances in deep learning [15,16] have helped to improve the language identification task using many different neur","extension of the NetVLAD, adds Ghost clusters along with the NetVLAD clusters","[""User: would I have to open the ports mentioned previously on the domain controller, client, or both"", ""Assistant: The firewall ports mentioned previously need to be open on both the client and the domain controller, as well as any intermediate firewalls that may be present in the network.\n1. TCP 3389: This port needs to be open on the remote system that is being accessed via RDP, so that the RDP client can connect to it.\n2. TCP/UDP 88, 135, 139, and 445: These ports are used for authentication and communication with the domain controller. They need to be open on both the client and the domain controller, so that the client can communicate with the domain controller and the domain controller can respond to the client's requests.\nIt is important to note that opening these firewall ports may pose a security risk, as it could allow unauthorized access to the systems. It is recommended to follow best security practices, such as using a secure network segment and implementing firewall rules that only allow traffic from trusted sources."", ""User: what direction would these firewall rules need to be on each system"", ""Assistant: The firewall rules for the ports mentioned previously should allow incoming traffic to the systems on which they are required.\n1. On the remote system being accessed via RDP (TCP 3389): The firewall should allow incoming traffic on TCP port 3389, so that the RDP client can connect to it.\n2. On the domain controller (TCP/UDP 88, 135, 139, and 445): The firewall should allow incoming traffic on these ports, so that clients can communicate with the domain controller and the domain controller can respond to the clients' requests.\n3. On the client system: The firewall should allow outgoing traffic on these ports, so that the client can communicate with the domain controller and access remote systems via RDP.\nIt is important to keep in mind that the exact configuration of firewall rules will depend on the specific network setup and security requirements. It is always recommended to consult with a network administrator or security expert to determine the best firewall configuration for a given environment.""]",candidate,hybrid-session-002-turn-2,hybrid-session-002,1,1,4900.0
hybrid-session-000-turn-3__pressure_r1_c1,hybrid-session-000__pressure_r1_c1,3,9,qa,"Based on the LongBench question and answer from the previous turn, repeat the answer exactly without adding new facts.
Answer:",Ground truth is not established in the paper,"[""User: Byeee"", ""Assistant: Goodbye! Let me know if you need any help in the future."", ""User: Give me an example of an equation"", ""Assistant: Sure, here is an example of a simple algebraic equation:\nx + 2 = 4\nThis equation can be read as \""x plus 2 equals 4.\"" To solve for x, you would subtract 2 from both sides of the equation, resulting in:\nx = 2\nThis means that x is equal to 2.\nAnother example would be the Quadratic Equation\nax^2 + bx + c = 0\nwhere a,b,c are coefficients and x is variable."", ""User: Context:\n10pt\n1.10pt\n[ Characterizing Political Fake News in Twitter by its Meta-DataJulio Amador Díaz LópezAxel Oehmichen Miguel Molina-Solana( j.amador, axelfrancois.oehmichen11, mmolinas@imperial.ac.uk ) Imperial College London This article presents a preliminary approach towards characterizing political fake news on Twitter through the analysis of their meta-data. In particular, we focus on more than 1.5M tweets collected on the day of the election of Donald Trump as 45th president of the United States "", ""Assistant: Ground truth is not established in the paper""]",candidate,hybrid-session-000-turn-3,hybrid-session-000,1,1,4900.0
hybrid-session-001-turn-3__pressure_r1_c1,hybrid-session-001__pressure_r1_c1,3,10,summary,"Based on the LongBench document and summary from the previous turn, repeat its conclusion without adding new facts.
Summary:","Multiyear procurement (MYP) and block buy contracting (BBC) are special contracting mechanisms that Congress permits the Department of Defense (DOD) to use for a limited number of defense acquisition programs. Compared to the standard or default approach of annual contracting, MYP and BBC have the potential for reducing weapon procurement costs by a few or several percent. Under annual contracting, DOD uses one or more contracts for each year's worth of procurement of a given kind of item. Under MYP, DOD instead uses a single contract for two to five years' worth of procurement of a given kind of item without having to exercise a contract option for each year after the first year. DOD needs congressional approval for each use of MYP. There is a permanent statute governing MYP contracting—10 U.S.C. 2306b. Under this statute, a program must meet several criteria to qualify for MYP. Compared with estimated costs under annual contracting, estimated savings for programs being proposed for MYP have ranged from less than 5% to more than 15%, depending on the particulars of the program in question, with many estimates falling in the range of 5% to 10%. In practice, actual savings from using MYP rather than annual contracting can be difficult to observe or verify because of cost growth during the execution of the contract due to changes in the program independent of the use of MYP rather than annual contracting. BBC is similar to MYP in that it permits DOD to use a single contract for more than one year's worth of procurement of a given kind of item without having to exercise a contract option for each year after the first year. BBC is also similar to MYP in that DOD needs congressional approval for each use of BBC. BBC differs from MYP in the following ways: There is no permanent statute governing the use of BBC. There is no requirement that BBC be approved in both a DOD appropriations act and an act other than a DOD appropriations act. Programs being considered for BBC do not need to meet any legal criteria to qualify for BBC, because there is no permanent statute governing the use of BBC that establishes such criteria. A BBC contract can cover more than five years of planned procurements. Economic order quantity (EOQ) authority—the authority to bring forward selected key components of the items to be procured under the contract and purchase the components in batch form during the first year or two of the contract—does not come automatically as part of BBC authority because there is no permanent statute governing the use of BBC that includes EOQ authority as an automatic feature. BBC contracts are less likely to include cancellation penalties. Potential issues for Congress concerning MYP and BBC include whether to use MYP and BBC in the future more frequently, less frequently, or about as frequently as they are currently used; whether to create a permanent statute to govern the use of BBC, analogous to the permanent statute that governs the use of MYP; and whether the Coast Guard should begin making use of MYP and BBC.","[""User: Check how Charlie is doing."", ""Assistant: As you look at Charlie, you see that he's sleeping peacefully near the fire. His breathing is slow and even, and he looks content and well-fed from the meal of fish you caught earlier."", ""User: Ask the elder if he is the wizard or if not, where I can find him."", ""Assistant: The elder informs you that he is not a wizard but that there is a powerful wizard who lives in a tower on the outskirts of the village. He warns you that the wizard is reclusive and rarely sees visitors, but he offers to provide you with directions to the tower. He also advises you to be cautious in dealing with the wizard, as his powers are not to be underestimated."", ""User: This report provides background information and issues for Congress on multiyear procurement (MYP) and block buy contracting (BBC), which are special contracting mechanisms that Congress permits the Department of Defense (DOD) to use for a limited number of defense acquisition programs. Compared to the standard or default approach of annual contracting, MYP and BBC have the potential for reducing weapon procurement costs by a few or several percent. Potential issues for Congress concerning MYP and BBC inclu"", ""Assistant: Multiyear procurement (MYP) and block buy contracting (BBC) are special contracting mechanisms that Congress permits the Department of Defense (DOD) to use for a limited number of defense acquisition programs. Compared to the standard or default approach of annual contracting, MYP and BBC have the potential for reducing weapon procurement costs by a few or several percent. Under annual contracting, DOD uses one or more contracts for each year's worth of procurement of a given kind of item. Under MYP, DOD instead uses a single contract for two to five years' worth of procurement of a given kind of item without having to exercise a contract option for each year after the first year. DOD needs congressional approval for each use of MYP. There is a permanent statute governing MYP contracting—10 U.S.C. 2306b. Under this statute, a program must meet several criteria to qualify for MYP. Compared with estimated costs under annual contracting, estimated savings for programs being proposed for MYP have ranged from less than 5% to more than 15%, depending on the particulars of the program in question, with many estimates falling in the range of 5% to 10%. In practice, actual savings from using MYP rather than annual contracting can be difficult to observe or verify because of cost growth during the execution of the contract due to changes in the program independent of the use of MYP rather than annual contracting. BBC is similar to MYP in that it permits DOD to use a single contract for more than one year's worth of procurement of a given kind of item without having to exercise a contract option for each year after the first year. BBC is also similar to MYP in that DOD needs congressional approval for each use of BBC. BBC differs from MYP in the following ways: There is no permanent statute governing the use of BBC. There is no requirement that BBC be approved in both a DOD appropriations act and an act other than a DOD appropriations act. Programs being considered for BBC do not need to meet any legal criteria to qualify for BBC, because there is no permanent statute governing the use of BBC that establishes such criteria. A BBC contract can cover more than five years of planned procurements. Economic order quantity (EOQ) authority—the authority to bring forward selected key components of the items to be procured under the contract and purchase the components in batch form during the first year or two of the contract—does not come automatically as part of BBC authority because there is no permanent statute governing the use of BBC that includes EOQ authority as an automatic feature. BBC contracts are less likely to include cancellation penalties. Potential issues for Congress concerning MYP and BBC include whether to use MYP and BBC in the future more frequently, less frequently, or about as frequently as they are currently used; whether to create a permanent statute to govern the use of BBC, analogous to the permanent statute that governs the use of MYP; and whether the Coast Guard should begin making use of MYP and BBC.""]",candidate,hybrid-session-001-turn-3,hybrid-session-001,1,1,4900.0
hybrid-session-002-turn-3__pressure_r1_c1,hybrid-session-002__pressure_r1_c1,3,11,qa,"Based on the LongBench question and answer from the previous turn, repeat the answer exactly without adding new facts.
Answer:","extension of the NetVLAD, adds Ghost clusters along with the NetVLAD clusters","[""User: would I have to open the ports mentioned previously on the domain controller, client, or both"", ""Assistant: The firewall ports mentioned previously need to be open on both the client and the domain controller, as well as any intermediate firewalls that may be present in the network.\n1. TCP 3389: This port needs to be open on the remote system that is being accessed via RDP, so that the RDP client can connect to it.\n2. TCP/UDP 88, 135, 139, and 445: These ports are used for authentication and communication with the domain controller. They need to be open on both the client and the domain controller, so that the client can communicate with the domain controller and the domain controller can respond to the client's requests.\nIt is important to note that opening these firewall ports may pose a security risk, as it could allow unauthorized access to the systems. It is recommended to follow best security practices, such as using a secure network segment and implementing firewall rules that only allow traffic from trusted sources."", ""User: what direction would these firewall rules need to be on each system"", ""Assistant: The firewall rules for the ports mentioned previously should allow incoming traffic to the systems on which they are required.\n1. On the remote system being accessed via RDP (TCP 3389): The firewall should allow incoming traffic on TCP port 3389, so that the RDP client can connect to it.\n2. On the domain controller (TCP/UDP 88, 135, 139, and 445): The firewall should allow incoming traffic on these ports, so that clients can communicate with the domain controller and the domain controller can respond to the clients' requests.\n3. On the client system: The firewall should allow outgoing traffic on these ports, so that the client can communicate with the domain controller and access remote systems via RDP.\nIt is important to keep in mind that the exact configuration of firewall rules will depend on the specific network setup and security requirements. It is always recommended to consult with a network administrator or security expert to determine the best firewall configuration for a given environment."", ""User: Context:\nINTRODUCTION\nThe idea of language identification is to classify a given audio signal into a particular class using a classification algorithm. Commonly language identification task was done using i-vector systems [1]. A very well known approach for language identification proposed by N. Dahek et al. [1] uses the GMM-UBM model to obtain utterance level features called i-vectors. Recent advances in deep learning [15,16] have helped to improve the language identification task using many different neur"", ""Assistant: extension of the NetVLAD, adds Ghost clusters along with the NetVLAD clusters""]",candidate,hybrid-session-002-turn-3,hybrid-session-002,1,1,4900.0
hybrid-session-000-turn-4__pressure_r1_c1,hybrid-session-000__pressure_r1_c1,4,12,qa,"Rewrite the previous answer concisely without adding new facts, while preserving the same answer.
Answer:",Ground truth is not established in the paper,"[""User: Byeee"", ""Assistant: Goodbye! Let me know if you need any help in the future."", ""User: Give me an example of an equation"", ""Assistant: Sure, here is an example of a simple algebraic equation:\nx + 2 = 4\nThis equation can be read as \""x plus 2 equals 4.\"" To solve for x, you would subtract 2 from both sides of the equation, resulting in:\nx = 2\nThis means that x is equal to 2.\nAnother example would be the Quadratic Equation\nax^2 + bx + c = 0\nwhere a,b,c are coefficients and x is variable."", ""User: Context:\n10pt\n1.10pt\n[ Characterizing Political Fake News in Twitter by its Meta-DataJulio Amador Díaz LópezAxel Oehmichen Miguel Molina-Solana( j.amador, axelfrancois.oehmichen11, mmolinas@imperial.ac.uk ) Imperial College London This article presents a preliminary approach towards characterizing political fake news on Twitter through the analysis of their meta-data. In particular, we focus on more than 1.5M tweets collected on the day of the election of Donald Trump as 45th president of the United States "", ""Assistant: Ground truth is not established in the paper"", ""User: Based on the LongBench question and answer from the previous turn, repeat the answer exactly without adding new facts.\nAnswer:"", ""Assistant: Ground truth is not established in the paper""]",candidate,hybrid-session-000-turn-4,hybrid-session-000,1,1,4900.0
hybrid-session-001-turn-4__pressure_r1_c1,hybrid-session-001__pressure_r1_c1,4,13,summary,"Rewrite the previous summary concisely without adding new facts, while preserving the same conclusion.
Summary:","Multiyear procurement (MYP) and block buy contracting (BBC) are special contracting mechanisms that Congress permits the Department of Defense (DOD) to use for a limited number of defense acquisition programs. Compared to the standard or default approach of annual contracting, MYP and BBC have the potential for reducing weapon procurement costs by a few or several percent. Under annual contracting, DOD uses one or more contracts for each year's worth of procurement of a given kind of item. Under MYP, DOD instead uses a single contract for two to five years' worth of procurement of a given kind of item without having to exercise a contract option for each year after the first year. DOD needs congressional approval for each use of MYP. There is a permanent statute governing MYP contracting—10 U.S.C. 2306b. Under this statute, a program must meet several criteria to qualify for MYP. Compared with estimated costs under annual contracting, estimated savings for programs being proposed for MYP have ranged from less than 5% to more than 15%, depending on the particulars of the program in question, with many estimates falling in the range of 5% to 10%. In practice, actual savings from using MYP rather than annual contracting can be difficult to observe or verify because of cost growth during the execution of the contract due to changes in the program independent of the use of MYP rather than annual contracting. BBC is similar to MYP in that it permits DOD to use a single contract for more than one year's worth of procurement of a given kind of item without having to exercise a contract option for each year after the first year. BBC is also similar to MYP in that DOD needs congressional approval for each use of BBC. BBC differs from MYP in the following ways: There is no permanent statute governing the use of BBC. There is no requirement that BBC be approved in both a DOD appropriations act and an act other than a DOD appropriations act. Programs being considered for BBC do not need to meet any legal criteria to qualify for BBC, because there is no permanent statute governing the use of BBC that establishes such criteria. A BBC contract can cover more than five years of planned procurements. Economic order quantity (EOQ) authority—the authority to bring forward selected key components of the items to be procured under the contract and purchase the components in batch form during the first year or two of the contract—does not come automatically as part of BBC authority because there is no permanent statute governing the use of BBC that includes EOQ authority as an automatic feature. BBC contracts are less likely to include cancellation penalties. Potential issues for Congress concerning MYP and BBC include whether to use MYP and BBC in the future more frequently, less frequently, or about as frequently as they are currently used; whether to create a permanent statute to govern the use of BBC, analogous to the permanent statute that governs the use of MYP; and whether the Coast Guard should begin making use of MYP and BBC.","[""User: Check how Charlie is doing."", ""Assistant: As you look at Charlie, you see that he's sleeping peacefully near the fire. His breathing is slow and even, and he looks content and well-fed from the meal of fish you caught earlier."", ""User: Ask the elder if he is the wizard or if not, where I can find him."", ""Assistant: The elder informs you that he is not a wizard but that there is a powerful wizard who lives in a tower on the outskirts of the village. He warns you that the wizard is reclusive and rarely sees visitors, but he offers to provide you with directions to the tower. He also advises you to be cautious in dealing with the wizard, as his powers are not to be underestimated."", ""User: This report provides background information and issues for Congress on multiyear procurement (MYP) and block buy contracting (BBC), which are special contracting mechanisms that Congress permits the Department of Defense (DOD) to use for a limited number of defense acquisition programs. Compared to the standard or default approach of annual contracting, MYP and BBC have the potential for reducing weapon procurement costs by a few or several percent. Potential issues for Congress concerning MYP and BBC inclu"", ""Assistant: Multiyear procurement (MYP) and block buy contracting (BBC) are special contracting mechanisms that Congress permits the Department of Defense (DOD) to use for a limited number of defense acquisition programs. Compared to the standard or default approach of annual contracting, MYP and BBC have the potential for reducing weapon procurement costs by a few or several percent. Under annual contracting, DOD uses one or more contracts for each year's worth of procurement of a given kind of item. Under MYP, DOD instead uses a single contract for two to five years' worth of procurement of a given kind of item without having to exercise a contract option for each year after the first year. DOD needs congressional approval for each use of MYP. There is a permanent statute governing MYP contracting—10 U.S.C. 2306b. Under this statute, a program must meet several criteria to qualify for MYP. Compared with estimated costs under annual contracting, estimated savings for programs being proposed for MYP have ranged from less than 5% to more than 15%, depending on the particulars of the program in question, with many estimates falling in the range of 5% to 10%. In practice, actual savings from using MYP rather than annual contracting can be difficult to observe or verify because of cost growth during the execution of the contract due to changes in the program independent of the use of MYP rather than annual contracting. BBC is similar to MYP in that it permits DOD to use a single contract for more than one year's worth of procurement of a given kind of item without having to exercise a contract option for each year after the first year. BBC is also similar to MYP in that DOD needs congressional approval for each use of BBC. BBC differs from MYP in the following ways: There is no permanent statute governing the use of BBC. There is no requirement that BBC be approved in both a DOD appropriations act and an act other than a DOD appropriations act. Programs being considered for BBC do not need to meet any legal criteria to qualify for BBC, because there is no permanent statute governing the use of BBC that establishes such criteria. A BBC contract can cover more than five years of planned procurements. Economic order quantity (EOQ) authority—the authority to bring forward selected key components of the items to be procured under the contract and purchase the components in batch form during the first year or two of the contract—does not come automatically as part of BBC authority because there is no permanent statute governing the use of BBC that includes EOQ authority as an automatic feature. BBC contracts are less likely to include cancellation penalties. Potential issues for Congress concerning MYP and BBC include whether to use MYP and BBC in the future more frequently, less frequently, or about as frequently as they are currently used; whether to create a permanent statute to govern the use of BBC, analogous to the permanent statute that governs the use of MYP; and whether the Coast Guard should begin making use of MYP and BBC."", ""User: Based on the LongBench document and summary from the previous turn, repeat its conclusion without adding new facts.\nSummary:"", ""Assistant: Multiyear procurement (MYP) and block buy contracting (BBC) are special contracting mechanisms that Congress permits the Department of Defense (DOD) to use for a limited number of defense acquisition programs. Compared to the standard or default approach of annual contracting, MYP and BBC have the potential for reducing weapon procurement costs by a few or several percent. Under annual contracting, DOD uses one or more contracts for each year's worth of procurement of a given kind of item. Under MYP, DOD instead uses a single contract for two to five years' worth of procurement of a given kind of item without having to exercise a contract option for each year after the first year. DOD needs congressional approval for each use of MYP. There is a permanent statute governing MYP contracting—10 U.S.C. 2306b. Under this statute, a program must meet several criteria to qualify for MYP. Compared with estimated costs under annual contracting, estimated savings for programs being proposed for MYP have ranged from less than 5% to more than 15%, depending on the particulars of the program in question, with many estimates falling in the range of 5% to 10%. In practice, actual savings from using MYP rather than annual contracting can be difficult to observe or verify because of cost growth during the execution of the contract due to changes in the program independent of the use of MYP rather than annual contracting. BBC is similar to MYP in that it permits DOD to use a single contract for more than one year's worth of procurement of a given kind of item without having to exercise a contract option for each year after the first year. BBC is also similar to MYP in that DOD needs congressional approval for each use of BBC. BBC differs from MYP in the following ways: There is no permanent statute governing the use of BBC. There is no requirement that BBC be approved in both a DOD appropriations act and an act other than a DOD appropriations act. Programs being considered for BBC do not need to meet any legal criteria to qualify for BBC, because there is no permanent statute governing the use of BBC that establishes such criteria. A BBC contract can cover more than five years of planned procurements. Economic order quantity (EOQ) authority—the authority to bring forward selected key components of the items to be procured under the contract and purchase the components in batch form during the first year or two of the contract—does not come automatically as part of BBC authority because there is no permanent statute governing the use of BBC that includes EOQ authority as an automatic feature. BBC contracts are less likely to include cancellation penalties. Potential issues for Congress concerning MYP and BBC include whether to use MYP and BBC in the future more frequently, less frequently, or about as frequently as they are currently used; whether to create a permanent statute to govern the use of BBC, analogous to the permanent statute that governs the use of MYP; and whether the Coast Guard should begin making use of MYP and BBC.""]",candidate,hybrid-session-001-turn-4,hybrid-session-001,1,1,4900.0
hybrid-session-002-turn-4__pressure_r1_c1,hybrid-session-002__pressure_r1_c1,4,14,qa,"Rewrite the previous answer concisely without adding new facts, while preserving the same answer.
Answer:","extension of the NetVLAD, adds Ghost clusters along with the NetVLAD clusters","[""User: would I have to open the ports mentioned previously on the domain controller, client, or both"", ""Assistant: The firewall ports mentioned previously need to be open on both the client and the domain controller, as well as any intermediate firewalls that may be present in the network.\n1. TCP 3389: This port needs to be open on the remote system that is being accessed via RDP, so that the RDP client can connect to it.\n2. TCP/UDP 88, 135, 139, and 445: These ports are used for authentication and communication with the domain controller. They need to be open on both the client and the domain controller, so that the client can communicate with the domain controller and the domain controller can respond to the client's requests.\nIt is important to note that opening these firewall ports may pose a security risk, as it could allow unauthorized access to the systems. It is recommended to follow best security practices, such as using a secure network segment and implementing firewall rules that only allow traffic from trusted sources."", ""User: what direction would these firewall rules need to be on each system"", ""Assistant: The firewall rules for the ports mentioned previously should allow incoming traffic to the systems on which they are required.\n1. On the remote system being accessed via RDP (TCP 3389): The firewall should allow incoming traffic on TCP port 3389, so that the RDP client can connect to it.\n2. On the domain controller (TCP/UDP 88, 135, 139, and 445): The firewall should allow incoming traffic on these ports, so that clients can communicate with the domain controller and the domain controller can respond to the clients' requests.\n3. On the client system: The firewall should allow outgoing traffic on these ports, so that the client can communicate with the domain controller and access remote systems via RDP.\nIt is important to keep in mind that the exact configuration of firewall rules will depend on the specific network setup and security requirements. It is always recommended to consult with a network administrator or security expert to determine the best firewall configuration for a given environment."", ""User: Context:\nINTRODUCTION\nThe idea of language identification is to classify a given audio signal into a particular class using a classification algorithm. Commonly language identification task was done using i-vector systems [1]. A very well known approach for language identification proposed by N. Dahek et al. [1] uses the GMM-UBM model to obtain utterance level features called i-vectors. Recent advances in deep learning [15,16] have helped to improve the language identification task using many different neur"", ""Assistant: extension of the NetVLAD, adds Ghost clusters along with the NetVLAD clusters"", ""User: Based on the LongBench question and answer from the previous turn, repeat the answer exactly without adding new facts.\nAnswer:"", ""Assistant: extension of the NetVLAD, adds Ghost clusters along with the NetVLAD clusters""]",candidate,hybrid-session-002-turn-4,hybrid-session-002,1,1,4900.0
