policy,memory_budget_mib,epsilon,delta,session_id,count,p95_ttft_ms,mean_ttft_ms,p95_quality_loss,mean_quality_loss,mean_kv_cache_memory_mib,violation_rate
full_lru,120.258,0.05,0.05,hybrid-session-002,5.0,3961.557212052867,879.553170548752,,,8.4,
full_lru,120.258,0.05,0.05,hybrid-session-003,5.0,136.54057681560516,100.03667995333672,,,7.6234375,
full_lru,120.258,0.05,0.05,hybrid-session-004,5.0,151.77455614320934,106.80892802774906,,,9.0234375,
full_lru,120.258,0.05,0.05,hybrid-session-005,5.0,144.645991967991,106.1246432363987,,,8.35625,
full_lru,120.258,0.05,0.05,hybrid-session-006,5.0,190.0104300584644,117.4373849760741,,,10.4234375,
full_lru,120.258,0.05,0.05,hybrid-session-009,5.0,130.07068494334817,98.80666919052601,,,7.6125,
full_lru,120.258,0.05,0.05,hybrid-session-010,5.0,150.8570888545364,106.91936165094376,,,8.1046875,
full_lru,120.258,0.05,0.05,hybrid-session-013,5.0,136.28478604368865,103.0293710064143,,,7.809375,
full_lru,120.258,0.05,0.05,hybrid-session-016,5.0,193.5369879938662,120.07982623763382,,,9.05625,
full_lru,120.258,0.05,0.05,hybrid-session-020,5.0,134.88761708140373,106.31687543354928,,,8.6625,
full_lru,120.258,0.05,0.05,hybrid-session-021,5.0,195.55476401001215,120.21713564172387,,,9.3296875,
full_lru,120.258,0.05,0.05,hybrid-session-025,5.0,134.56643116660416,109.73587343469262,,,8.1265625,
full_lru,120.258,0.05,0.05,hybrid-session-026,5.0,199.22264898195863,126.2458021286875,,,9.7671875,
static_best,120.258,0.05,0.05,hybrid-session-002,5.0,3849.9346401076764,923.2050572056323,,,4.37294921875,
static_best,120.258,0.05,0.05,hybrid-session-003,5.0,220.16771719790995,169.36832200735807,,,4.161376953125,
static_best,120.258,0.05,0.05,hybrid-session-004,5.0,229.72872713580728,188.02181901410222,,,4.558544921875,
static_best,120.258,0.05,0.05,hybrid-session-005,5.0,232.33511298894882,171.80625656619668,,,4.332958984375,
static_best,120.258,0.05,0.05,hybrid-session-006,5.0,237.57809214293957,188.08735418133438,,,5.06337890625,
static_best,120.258,0.05,0.05,hybrid-session-009,5.0,214.78777984157205,155.99112818017602,,,4.217431640625,
static_best,120.258,0.05,0.05,hybrid-session-010,5.0,220.83838493563235,167.18889279291034,,,4.413623046875,
static_best,120.258,0.05,0.05,hybrid-session-013,5.0,232.6953588053584,166.65011798031628,,,4.31416015625,
static_best,120.258,0.05,0.05,hybrid-session-016,5.0,240.9331959206611,175.27682092040777,,,4.489501953125,
static_best,120.258,0.05,0.05,hybrid-session-020,5.0,225.65273009240627,174.56113123334944,,,4.488818359375,
static_best,120.258,0.05,0.05,hybrid-session-021,5.0,233.2915160804987,189.8145437706262,,,4.70380859375,
static_best,120.258,0.05,0.05,hybrid-session-025,5.0,207.17553002759814,164.2278962302953,,,4.422509765625,
static_best,120.258,0.05,0.05,hybrid-session-026,5.0,223.93084806390107,185.05002562887967,,,4.79677734375,
static_safe,120.258,0.05,0.05,hybrid-session-002,5.0,3779.858150985092,912.6786712091416,,,4.37294921875,
static_safe,120.258,0.05,0.05,hybrid-session-003,5.0,226.2156109791249,170.08466119877994,,,4.161376953125,
static_safe,120.258,0.05,0.05,hybrid-session-004,5.0,242.3180560581386,188.2287235930562,,,4.558544921875,
static_safe,120.258,0.05,0.05,hybrid-session-005,5.0,239.7549320012331,175.2609130460769,,,4.332958984375,
static_safe,120.258,0.05,0.05,hybrid-session-006,5.0,240.7255689613521,188.1752723827958,,,5.06337890625,
static_safe,120.258,0.05,0.05,hybrid-session-009,5.0,217.8851489443332,162.28802395053208,,,4.217431640625,
static_safe,120.258,0.05,0.05,hybrid-session-010,5.0,210.5653330218047,161.52638089843094,,,4.413623046875,
static_safe,120.258,0.05,0.05,hybrid-session-013,5.0,217.5667709670961,170.58335575275123,,,4.31416015625,
static_safe,120.258,0.05,0.05,hybrid-session-016,5.0,232.88110690191388,171.06187734752893,,,4.489501953125,
static_safe,120.258,0.05,0.05,hybrid-session-020,5.0,244.42548002116382,177.42452179081738,,,4.488818359375,
static_safe,120.258,0.05,0.05,hybrid-session-021,5.0,233.74085989780724,187.23425273783505,,,4.70380859375,
static_safe,120.258,0.05,0.05,hybrid-session-025,5.0,212.90945098735392,167.14895074255764,,,4.422509765625,
static_safe,120.258,0.05,0.05,hybrid-session-026,5.0,235.2923119906336,187.79275841079652,,,4.79677734375,
uncalibrated_dynamic,120.258,0.05,0.05,hybrid-session-002,5.0,3679.4206430204213,888.9926424250007,,,4.37294921875,
uncalibrated_dynamic,120.258,0.05,0.05,hybrid-session-003,5.0,213.06220698170364,160.98726601339877,,,4.161376953125,
uncalibrated_dynamic,120.258,0.05,0.05,hybrid-session-004,5.0,230.74564104899764,181.06998298317194,,,4.558544921875,
uncalibrated_dynamic,120.258,0.05,0.05,hybrid-session-005,5.0,230.88513407856226,170.9963404107839,,,4.332958984375,
uncalibrated_dynamic,120.258,0.05,0.05,hybrid-session-006,5.0,244.1006728913635,185.4470545426011,,,5.06337890625,
uncalibrated_dynamic,120.258,0.05,0.05,hybrid-session-009,5.0,205.82276512868702,161.3824139814824,,,4.217431640625,
uncalibrated_dynamic,120.258,0.05,0.05,hybrid-session-010,5.0,205.68319992162287,160.18589842133224,,,4.413623046875,
uncalibrated_dynamic,120.258,0.05,0.05,hybrid-session-013,5.0,209.30818608030677,158.3508915733546,,,4.31416015625,
uncalibrated_dynamic,120.258,0.05,0.05,hybrid-session-016,5.0,232.11756604723632,161.1163940280676,,,4.489501953125,
uncalibrated_dynamic,120.258,0.05,0.05,hybrid-session-020,5.0,206.1118008568883,162.1189382392913,,,4.488818359375,
uncalibrated_dynamic,120.258,0.05,0.05,hybrid-session-021,5.0,234.8179491236806,185.36031721159816,,,4.70380859375,
uncalibrated_dynamic,120.258,0.05,0.05,hybrid-session-025,5.0,213.4884858969599,164.9315543472767,,,4.422509765625,
uncalibrated_dynamic,120.258,0.05,0.05,hybrid-session-026,5.0,220.44019401073456,181.25757621601224,,,4.79677734375,
utility_dynamic,120.258,0.05,0.05,hybrid-session-002,5.0,3884.6691290382296,929.0024876128882,,,3.55400390625,
utility_dynamic,120.258,0.05,0.05,hybrid-session-003,5.0,221.81671299040318,170.98222887143493,,,3.472998046875,
utility_dynamic,120.258,0.05,0.05,hybrid-session-004,5.0,231.87924292869866,186.34568224661052,,,3.715673828125,
utility_dynamic,120.258,0.05,0.05,hybrid-session-005,5.0,230.8476648759097,172.60677651502192,,,3.514697265625,
utility_dynamic,120.258,0.05,0.05,hybrid-session-006,5.0,242.55814007483423,188.78362867981195,,,4.05576171875,
utility_dynamic,120.258,0.05,0.05,hybrid-session-009,5.0,208.6708249989897,149.97564125806093,,,3.537255859375,
utility_dynamic,120.258,0.05,0.05,hybrid-session-010,5.0,217.05973497591913,155.04020899534225,,,3.707470703125,
utility_dynamic,120.258,0.05,0.05,hybrid-session-013,5.0,223.986272001639,161.28431078977883,,,3.62373046875,
utility_dynamic,120.258,0.05,0.05,hybrid-session-016,5.0,230.47699593007565,158.90551623888314,,,3.7078125,
utility_dynamic,120.258,0.05,0.05,hybrid-session-020,5.0,226.68817196972668,160.98292684182525,,,3.665087890625,
utility_dynamic,120.258,0.05,0.05,hybrid-session-021,5.0,238.8583419378847,169.9459029827267,,,3.85751953125,
utility_dynamic,120.258,0.05,0.05,hybrid-session-025,5.0,202.06887111999094,158.1607052590698,,,3.725927734375,
utility_dynamic,120.258,0.05,0.05,hybrid-session-026,5.0,226.90596990287304,186.77853769622743,,,3.93955078125,
full_lru,469.602,0.05,0.05,hybrid-session-002,5.0,3875.9209839627147,844.3702365737408,,,9.0125,
full_lru,469.602,0.05,0.05,hybrid-session-003,5.0,94.25018704496324,84.13173323497176,,,8.0828125,
full_lru,469.602,0.05,0.05,hybrid-session-004,5.0,97.55370300263166,86.44739342853427,,,9.3296875,
full_lru,469.602,0.05,0.05,hybrid-session-005,5.0,98.26617082580924,87.82504992559552,,,8.96875,
full_lru,469.602,0.05,0.05,hybrid-session-006,5.0,103.21835987269878,86.35561359114945,,,10.740625,
full_lru,469.602,0.05,0.05,hybrid-session-009,5.0,93.32775417715311,84.89038762636483,,,8.09375,
full_lru,469.602,0.05,0.05,hybrid-session-010,5.0,100.52811889909208,85.59858319349587,,,8.4328125,
full_lru,469.602,0.05,0.05,hybrid-session-013,5.0,96.31515294313431,84.62043162435293,,,8.246875,
full_lru,469.602,0.05,0.05,hybrid-session-016,5.0,96.20540495961905,83.67525325156748,,,9.1328125,
full_lru,469.602,0.05,0.05,hybrid-session-020,5.0,97.71484392695129,86.96362935006618,,,9.1546875,
full_lru,469.602,0.05,0.05,hybrid-session-021,5.0,97.13503601960838,87.60847086086869,,,9.49375,
full_lru,469.602,0.05,0.05,hybrid-session-025,5.0,94.60705309174955,81.56221895478666,,,8.3890625,
full_lru,469.602,0.05,0.05,hybrid-session-026,5.0,96.4187381323427,85.47139205038548,,,9.646875,
static_best,469.602,0.05,0.05,hybrid-session-002,5.0,3731.8886301945895,870.6325710285455,,,4.37294921875,
static_best,469.602,0.05,0.05,hybrid-session-003,5.0,182.76507686823606,134.42699280567467,,,4.161376953125,
static_best,469.602,0.05,0.05,hybrid-session-004,5.0,191.96344609372318,153.79528682678938,,,4.558544921875,
static_best,469.602,0.05,0.05,hybrid-session-005,5.0,191.46307883784175,138.9284427743405,,,4.332958984375,
static_best,469.602,0.05,0.05,hybrid-session-006,5.0,201.47039089351892,153.5812938120216,,,5.06337890625,
static_best,469.602,0.05,0.05,hybrid-session-009,5.0,168.63029287196696,133.31837756559253,,,4.217431640625,
static_best,469.602,0.05,0.05,hybrid-session-010,5.0,169.68122590333223,121.2606533896178,,,4.413623046875,
static_best,469.602,0.05,0.05,hybrid-session-013,5.0,184.54593606293201,136.62842838093638,,,4.31416015625,
static_best,469.602,0.05,0.05,hybrid-session-016,5.0,197.65676790848374,140.01778597012162,,,4.489501953125,
static_best,469.602,0.05,0.05,hybrid-session-020,5.0,231.5080501139164,147.52713236957788,,,4.488818359375,
static_best,469.602,0.05,0.05,hybrid-session-021,5.0,227.96179307624698,158.54206085205078,,,4.70380859375,
static_best,469.602,0.05,0.05,hybrid-session-025,5.0,196.30885194055736,139.1538971569389,,,4.422509765625,
static_best,469.602,0.05,0.05,hybrid-session-026,5.0,190.18160202540457,150.45444960705936,,,4.79677734375,
static_safe,469.602,0.05,0.05,hybrid-session-002,5.0,3611.9344579055905,854.6394911594689,,,4.37294921875,
static_safe,469.602,0.05,0.05,hybrid-session-003,5.0,183.29702503979206,139.92837583646178,,,4.161376953125,
static_safe,469.602,0.05,0.05,hybrid-session-004,5.0,202.03173998743296,161.22802514582872,,,4.558544921875,
static_safe,469.602,0.05,0.05,hybrid-session-005,5.0,200.70540392771363,151.33629646152258,,,4.332958984375,
static_safe,469.602,0.05,0.05,hybrid-session-006,5.0,196.50819711387157,164.17249301448464,,,5.06337890625,
static_safe,469.602,0.05,0.05,hybrid-session-009,5.0,202.67176697961986,138.17524467594922,,,4.217431640625,
static_safe,469.602,0.05,0.05,hybrid-session-010,5.0,200.63785184174776,144.18267817236483,,,4.413623046875,
static_safe,469.602,0.05,0.05,hybrid-session-013,5.0,201.85930002480745,148.34886160679162,,,4.31416015625,
static_safe,469.602,0.05,0.05,hybrid-session-016,5.0,220.02570889890194,156.70461719855666,,,4.489501953125,
static_safe,469.602,0.05,0.05,hybrid-session-020,5.0,203.09504494071007,152.88428757339716,,,4.488818359375,
static_safe,469.602,0.05,0.05,hybrid-session-021,5.0,202.113603008911,159.452656051144,,,4.70380859375,
static_safe,469.602,0.05,0.05,hybrid-session-025,5.0,179.43229502998292,135.08503739722073,,,4.422509765625,
static_safe,469.602,0.05,0.05,hybrid-session-026,5.0,191.04144792072475,151.89519254490733,,,4.79677734375,
uncalibrated_dynamic,469.602,0.05,0.05,hybrid-session-002,5.0,3662.400846835226,886.32513419725,,,4.37294921875,
uncalibrated_dynamic,469.602,0.05,0.05,hybrid-session-003,5.0,218.98084692656994,165.43353707529604,,,4.161376953125,
uncalibrated_dynamic,469.602,0.05,0.05,hybrid-session-004,5.0,231.95924889296293,189.38746894709766,,,4.558544921875,
uncalibrated_dynamic,469.602,0.05,0.05,hybrid-session-005,5.0,231.06224299408495,174.01537937112153,,,4.332958984375,
uncalibrated_dynamic,469.602,0.05,0.05,hybrid-session-006,5.0,231.8093148060143,184.8305271472782,,,5.06337890625,
uncalibrated_dynamic,469.602,0.05,0.05,hybrid-session-009,5.0,204.66698915697634,158.13674344681203,,,4.217431640625,
uncalibrated_dynamic,469.602,0.05,0.05,hybrid-session-010,5.0,210.81621013581753,166.99062706902623,,,4.413623046875,
uncalibrated_dynamic,469.602,0.05,0.05,hybrid-session-013,5.0,230.02106812782586,171.44442298449576,,,4.31416015625,
uncalibrated_dynamic,469.602,0.05,0.05,hybrid-session-016,5.0,235.3160970378667,170.41604965925217,,,4.489501953125,
uncalibrated_dynamic,469.602,0.05,0.05,hybrid-session-020,5.0,202.61675911024213,164.27825521677732,,,4.488818359375,
uncalibrated_dynamic,469.602,0.05,0.05,hybrid-session-021,5.0,213.9525250531733,182.6061570085585,,,4.70380859375,
uncalibrated_dynamic,469.602,0.05,0.05,hybrid-session-025,5.0,202.797758160159,158.21107444353402,,,4.422509765625,
uncalibrated_dynamic,469.602,0.05,0.05,hybrid-session-026,5.0,227.4013499263674,185.9940209891647,,,4.79677734375,
utility_dynamic,469.602,0.05,0.05,hybrid-session-002,5.0,3842.439425876364,917.115417169407,,,3.55400390625,
utility_dynamic,469.602,0.05,0.05,hybrid-session-003,5.0,212.5664670020342,168.73884126544,,,3.472998046875,
utility_dynamic,469.602,0.05,0.05,hybrid-session-004,5.0,228.96533412858844,183.68766885250807,,,3.715673828125,
utility_dynamic,469.602,0.05,0.05,hybrid-session-005,5.0,224.72232510335743,171.49624577723444,,,3.514697265625,
utility_dynamic,469.602,0.05,0.05,hybrid-session-006,5.0,239.92045782506466,190.59033314697444,,,4.05576171875,
utility_dynamic,469.602,0.05,0.05,hybrid-session-009,5.0,204.4163621030748,163.48903286270797,,,3.537255859375,
utility_dynamic,469.602,0.05,0.05,hybrid-session-010,5.0,205.3007478825748,163.7085739057511,,,3.707470703125,
utility_dynamic,469.602,0.05,0.05,hybrid-session-013,5.0,207.78882107697427,161.56473262235522,,,3.62373046875,
utility_dynamic,469.602,0.05,0.05,hybrid-session-016,5.0,230.02282693050802,170.35975507460535,,,3.7078125,
utility_dynamic,469.602,0.05,0.05,hybrid-session-020,5.0,224.6872060932219,169.12404797039926,,,3.665087890625,
utility_dynamic,469.602,0.05,0.05,hybrid-session-021,5.0,228.52121503092349,175.4885156173259,,,3.85751953125,
utility_dynamic,469.602,0.05,0.05,hybrid-session-025,5.0,206.57235896214843,162.45936760678887,,,3.725927734375,
utility_dynamic,469.602,0.05,0.05,hybrid-session-026,5.0,233.37339609861374,183.10716641135514,,,3.93955078125,
