section,name,ok,error,diagnostic_output,session_trace_output,failures,config,run_dir,visual_outputs,visual_error,profile_rows,policy_rows,epsilon,delta,memory_budget_mib,count,ok_count,measured_count,mean_ttft_ms,p50_ttft_ms,p95_ttft_ms,p99_ttft_ms,mean_peak_memory_mib,p95_peak_memory_mib,mean_kv_cache_memory_mib,p95_kv_cache_memory_mib,mean_global_resident_kv_mib,p95_global_resident_kv_mib,mean_quality_loss,p50_quality_loss,p95_quality_loss,p99_quality_loss,cvar_quality_loss,violation_rate,delta_slack,worst_group_violation,safe_ratio,fallback_ratio,exact_fallback_ratio,exact_action_ratio,lossy_action_ratio,unique_action_count,identical_to_full_lru,unsafe_action_count,candidate_safe_count,action_distribution,has_h0_tail_metrics,has_h1_coverage_metrics,has_h2_lite_benefit_metrics,deployable_baseline_names,experiment_type,backend_events_applicable,backend_semantics_status,backend_not_applicable_reason,session_reuse_evidence,global_resident_evolution,backend_event_evidence
experiment,pilot-smoke-measured,False,"OutOfMemoryError: CUDA out of memory. Tried to allocate 1.02 GiB. GPU 0 has a total capacity of 10.75 GiB of which 747.62 MiB is free. Process 54604 has 9.42 GiB memory in use. Including non-PyTorch memory, this process has 612.00 MiB memory in use. Of the allocated memory 0 bytes is allocated by PyTorch, and 0 bytes is reserved by PyTorch but unallocated. If reserved but unallocated memory is large try setting PYTORCH_CUDA_ALLOC_CONF=expandable_segments:True to avoid fragmentation.  See documentation for Memory Management  (https://pytorch.org/docs/stable/notes/cuda.html#environment-variables)
Traceback (most recent call last):
  File ""/DATACENTER3/zhenxiang.wang/work/TailGuardKV/profiles/qwen2_kv_runtime.py"", line 203, in worker_run_batch
    runtime = _ensure_worker_runtime(worker_state, profile, requests[0])
  File ""/DATACENTER3/zhenxiang.wang/work/TailGuardKV/profiles/qwen2_kv_runtime.py"", line 458, in _ensure_worker_runtime
    runtime = _prepare_full_runtime(request, worker_start=worker_start)
  File ""/DATACENTER3/zhenxiang.wang/work/TailGuardKV/profiles/qwen2_kv_runtime.py"", line 352, in _prepare_full_runtime
    model, tokenizer, device = _load_qwen2_model(payload, torch, modules[""AutoModelForCausalLM""], modules[""AutoTokenizer""])
  File ""/DATACENTER3/zhenxiang.wang/work/TailGuardKV/profiles/qwen2_runtime_common.py"", line 206, in load_qwen2_model
    model = auto_model.from_pretrained(
  File ""/DATACENTER3/zhenxiang.wang/miniforge3/envs/tailguardkv-base/lib/python3.10/site-packages/transformers/models/auto/auto_factory.py"", line 564, in from_pretrained
    return model_class.from_pretrained(
  File ""/DATACENTER3/zhenxiang.wang/miniforge3/envs/tailguardkv-base/lib/python3.10/site-packages/transformers/modeling_utils.py"", line 3903, in from_pretrained
    ) = cls._load_pretrained_model(
  File ""/DATACENTER3/zhenxiang.wang/miniforge3/envs/tailguardkv-base/lib/python3.10/site-packages/transformers/modeling_utils.py"", line 4377, in _load_pretrained_model
    new_error_msgs, offload_index, state_dict_index = _load_state_dict_into_meta_model(
  File ""/DATACENTER3/zhenxiang.wang/miniforge3/envs/tailguardkv-base/lib/python3.10/site-packages/transformers/modeling_utils.py"", line 933, in _load_state_dict_into_meta_model
    set_module_tensor_to_device(model, param_name, param_device, **set_module_kwargs)
  File ""/DATACENTER3/zhenxiang.wang/miniforge3/envs/tailguardkv-base/lib/python3.10/site-packages/accelerate/utils/modeling.py"", line 353, in set_module_tensor_to_device
    new_value = value.to(device, non_blocking=non_blocking)
torch.OutOfMemoryError: CUDA out of memory. Tried to allocate 1.02 GiB. GPU 0 has a total capacity of 10.75 GiB of which 747.62 MiB is free. Process 54604 has 9.42 GiB memory in use. Including non-PyTorch memory, this process has 612.00 MiB memory in use. Of the allocated memory 0 bytes is allocated by PyTorch, and 0 bytes is reserved by PyTorch but unallocated. If reserved but unallocated memory is large try setting PYTORCH_CUDA_ALLOC_CONF=expandable_segments:True to avoid fragmentation.  See documentation for Memory Management  (https://pytorch.org/docs/stable/notes/cuda.html#environment-variables)
",out/20260813_093628_pilot_external_baseline_quality/profile_tables/pilot_external_baseline_quality_profiles_failed_chunks.csv,out/20260813_093628_pilot_external_baseline_quality/session_traces/pilot_smoke_measured_session_trace.csv,"[{""adapter"": ""full"", ""env"": ""tailguardkv-base"", ""error"": ""OutOfMemoryError: CUDA out of memory. Tried to allocate 1.02 GiB. GPU 0 has a total capacity of 10.75 GiB of which 747.62 MiB is free. Process 54604 has 9.42 GiB memory in use. Including non-PyTorch memory, this process has 612.00 MiB memory in use. Of the allocated memory 0 bytes is allocated by PyTorch, and 0 bytes is reserved by PyTorch but unallocated. If reserved but unallocated memory is large try setting PYTORCH_CUDA_ALLOC_CONF=expandable_segments:True to avoid fragmentation.  See documentation for Memory Management  (https://pytorch.org/docs/stable/notes/cuda.html#environment-variables)\nTraceback (most recent call last):\n  File \""/DATACENTER3/zhenxiang.wang/work/TailGuardKV/profiles/qwen2_kv_runtime.py\"", line 203, in worker_run_batch\n    runtime = _ensure_worker_runtime(worker_state, profile, requests[0])\n  File \""/DATACENTER3/zhenxiang.wang/work/TailGuardKV/profiles/qwen2_kv_runtime.py\"", line 458, in _ensure_worker_runtime\n    runtime = _prepare_full_runtime(request, worker_start=worker_start)\n  File \""/DATACENTER3/zhenxiang.wang/work/TailGuardKV/profiles/qwen2_kv_runtime.py\"", line 352, in _prepare_full_runtime\n    model, tokenizer, device = _load_qwen2_model(payload, torch, modules[\""AutoModelForCausalLM\""], modules[\""AutoTokenizer\""])\n  File \""/DATACENTER3/zhenxiang.wang/work/TailGuardKV/profiles/qwen2_runtime_common.py\"", line 206, in load_qwen2_model\n    model = auto_model.from_pretrained(\n  File \""/DATACENTER3/zhenxiang.wang/miniforge3/envs/tailguardkv-base/lib/python3.10/site-packages/transformers/models/auto/auto_factory.py\"", line 564, in from_pretrained\n    return model_class.from_pretrained(\n  File \""/DATACENTER3/zhenxiang.wang/miniforge3/envs/tailguardkv-base/lib/python3.10/site-packages/transformers/modeling_utils.py\"", line 3903, in from_pretrained\n    ) = cls._load_pretrained_model(\n  File \""/DATACENTER3/zhenxiang.wang/miniforge3/envs/tailguardkv-base/lib/python3.10/site-packages/transformers/modeling_utils.py\"", line 4377, in _load_pretrained_model\n    new_error_msgs, offload_index, state_dict_index = _load_state_dict_into_meta_model(\n  File \""/DATACENTER3/zhenxiang.wang/miniforge3/envs/tailguardkv-base/lib/python3.10/site-packages/transformers/modeling_utils.py\"", line 933, in _load_state_dict_into_meta_model\n    set_module_tensor_to_device(model, param_name, param_device, **set_module_kwargs)\n  File \""/DATACENTER3/zhenxiang.wang/miniforge3/envs/tailguardkv-base/lib/python3.10/site-packages/accelerate/utils/modeling.py\"", line 353, in set_module_tensor_to_device\n    new_value = value.to(device, non_blocking=non_blocking)\ntorch.OutOfMemoryError: CUDA out of memory. Tried to allocate 1.02 GiB. GPU 0 has a total capacity of 10.75 GiB of which 747.62 MiB is free. Process 54604 has 9.42 GiB memory in use. Including non-PyTorch memory, this process has 612.00 MiB memory in use. Of the allocated memory 0 bytes is allocated by PyTorch, and 0 bytes is reserved by PyTorch but unallocated. If reserved but unallocated memory is large try setting PYTORCH_CUDA_ALLOC_CONF=expandable_segments:True to avoid fragmentation.  See documentation for Memory Management  (https://pytorch.org/docs/stable/notes/cuda.html#environment-variables)\n"", ""measured"": false, ""ok"": false, ""profile"": ""full_gpu"", ""request_id"": ""qa_qasper_00030""}, {""adapter"": ""full"", ""env"": ""tailguardkv-base"", ""error"": ""OutOfMemoryError: CUDA out of memory. Tried to allocate 1.02 GiB. GPU 0 has a total capacity of 10.75 GiB of which 747.62 MiB is free. Process 54604 has 9.42 GiB memory in use. Including non-PyTorch memory, this process has 612.00 MiB memory in use. Of the allocated memory 0 bytes is allocated by PyTorch, and 0 bytes is reserved by PyTorch but unallocated. If reserved but unallocated memory is large try setting PYTORCH_CUDA_ALLOC_CONF=expandable_segments:True to avoid fragmentation.  See documentation for Memory Management  (https://pytorch.org/docs/stable/notes/cuda.html#environment-variables)\nTraceback (most recent call last):\n  File \""/DATACENTER3/zhenxiang.wang/work/TailGuardKV/profiles/qwen2_kv_runtime.py\"", line 203, in worker_run_batch\n    runtime = _ensure_worker_runtime(worker_state, profile, requests[0])\n  File \""/DATACENTER3/zhenxiang.wang/work/TailGuardKV/profiles/qwen2_kv_runtime.py\"", line 458, in _ensure_worker_runtime\n    runtime = _prepare_full_runtime(request, worker_start=worker_start)\n  File \""/DATACENTER3/zhenxiang.wang/work/TailGuardKV/profiles/qwen2_kv_runtime.py\"", line 352, in _prepare_full_runtime\n    model, tokenizer, device = _load_qwen2_model(payload, torch, modules[\""AutoModelForCausalLM\""], modules[\""AutoTokenizer\""])\n  File \""/DATACENTER3/zhenxiang.wang/work/TailGuardKV/profiles/qwen2_runtime_common.py\"", line 206, in load_qwen2_model\n    model = auto_model.from_pretrained(\n  File \""/DATACENTER3/zhenxiang.wang/miniforge3/envs/tailguardkv-base/lib/python3.10/site-packages/transformers/models/auto/auto_factory.py\"", line 564, in from_pretrained\n    return model_class.from_pretrained(\n  File \""/DATACENTER3/zhenxiang.wang/miniforge3/envs/tailguardkv-base/lib/python3.10/site-packages/transformers/modeling_utils.py\"", line 3903, in from_pretrained\n    ) = cls._load_pretrained_model(\n  File \""/DATACENTER3/zhenxiang.wang/miniforge3/envs/tailguardkv-base/lib/python3.10/site-packages/transformers/modeling_utils.py\"", line 4377, in _load_pretrained_model\n    new_error_msgs, offload_index, state_dict_index = _load_state_dict_into_meta_model(\n  File \""/DATACENTER3/zhenxiang.wang/miniforge3/envs/tailguardkv-base/lib/python3.10/site-packages/transformers/modeling_utils.py\"", line 933, in _load_state_dict_into_meta_model\n    set_module_tensor_to_device(model, param_name, param_device, **set_module_kwargs)\n  File \""/DATACENTER3/zhenxiang.wang/miniforge3/envs/tailguardkv-base/lib/python3.10/site-packages/accelerate/utils/modeling.py\"", line 353, in set_module_tensor_to_device\n    new_value = value.to(device, non_blocking=non_blocking)\ntorch.OutOfMemoryError: CUDA out of memory. Tried to allocate 1.02 GiB. GPU 0 has a total capacity of 10.75 GiB of which 747.62 MiB is free. Process 54604 has 9.42 GiB memory in use. Including non-PyTorch memory, this process has 612.00 MiB memory in use. Of the allocated memory 0 bytes is allocated by PyTorch, and 0 bytes is reserved by PyTorch but unallocated. If reserved but unallocated memory is large try setting PYTORCH_CUDA_ALLOC_CONF=expandable_segments:True to avoid fragmentation.  See documentation for Memory Management  (https://pytorch.org/docs/stable/notes/cuda.html#environment-variables)\n"", ""measured"": false, ""ok"": false, ""profile"": ""full_gpu"", ""request_id"": ""qa_qasper_00060""}, {""adapter"": ""full"", ""env"": ""tailguardkv-base"", ""error"": ""OutOfMemoryError: CUDA out of memory. Tried to allocate 1.02 GiB. GPU 0 has a total capacity of 10.75 GiB of which 747.62 MiB is free. Process 54604 has 9.42 GiB memory in use. Including non-PyTorch memory, this process has 612.00 MiB memory in use. Of the allocated memory 0 bytes is allocated by PyTorch, and 0 bytes is reserved by PyTorch but unallocated. If reserved but unallocated memory is large try setting PYTORCH_CUDA_ALLOC_CONF=expandable_segments:True to avoid fragmentation.  See documentation for Memory Management  (https://pytorch.org/docs/stable/notes/cuda.html#environment-variables)\nTraceback (most recent call last):\n  File \""/DATACENTER3/zhenxiang.wang/work/TailGuardKV/profiles/qwen2_kv_runtime.py\"", line 203, in worker_run_batch\n    runtime = _ensure_worker_runtime(worker_state, profile, requests[0])\n  File \""/DATACENTER3/zhenxiang.wang/work/TailGuardKV/profiles/qwen2_kv_runtime.py\"", line 458, in _ensure_worker_runtime\n    runtime = _prepare_full_runtime(request, worker_start=worker_start)\n  File \""/DATACENTER3/zhenxiang.wang/work/TailGuardKV/profiles/qwen2_kv_runtime.py\"", line 352, in _prepare_full_runtime\n    model, tokenizer, device = _load_qwen2_model(payload, torch, modules[\""AutoModelForCausalLM\""], modules[\""AutoTokenizer\""])\n  File \""/DATACENTER3/zhenxiang.wang/work/TailGuardKV/profiles/qwen2_runtime_common.py\"", line 206, in load_qwen2_model\n    model = auto_model.from_pretrained(\n  File \""/DATACENTER3/zhenxiang.wang/miniforge3/envs/tailguardkv-base/lib/python3.10/site-packages/transformers/models/auto/auto_factory.py\"", line 564, in from_pretrained\n    return model_class.from_pretrained(\n  File \""/DATACENTER3/zhenxiang.wang/miniforge3/envs/tailguardkv-base/lib/python3.10/site-packages/transformers/modeling_utils.py\"", line 3903, in from_pretrained\n    ) = cls._load_pretrained_model(\n  File \""/DATACENTER3/zhenxiang.wang/miniforge3/envs/tailguardkv-base/lib/python3.10/site-packages/transformers/modeling_utils.py\"", line 4377, in _load_pretrained_model\n    new_error_msgs, offload_index, state_dict_index = _load_state_dict_into_meta_model(\n  File \""/DATACENTER3/zhenxiang.wang/miniforge3/envs/tailguardkv-base/lib/python3.10/site-packages/transformers/modeling_utils.py\"", line 933, in _load_state_dict_into_meta_model\n    set_module_tensor_to_device(model, param_name, param_device, **set_module_kwargs)\n  File \""/DATACENTER3/zhenxiang.wang/miniforge3/envs/tailguardkv-base/lib/python3.10/site-packages/accelerate/utils/modeling.py\"", line 353, in set_module_tensor_to_device\n    new_value = value.to(device, non_blocking=non_blocking)\ntorch.OutOfMemoryError: CUDA out of memory. Tried to allocate 1.02 GiB. GPU 0 has a total capacity of 10.75 GiB of which 747.62 MiB is free. Process 54604 has 9.42 GiB memory in use. Including non-PyTorch memory, this process has 612.00 MiB memory in use. Of the allocated memory 0 bytes is allocated by PyTorch, and 0 bytes is reserved by PyTorch but unallocated. If reserved but unallocated memory is large try setting PYTORCH_CUDA_ALLOC_CONF=expandable_segments:True to avoid fragmentation.  See documentation for Memory Management  (https://pytorch.org/docs/stable/notes/cuda.html#environment-variables)\n"", ""measured"": false, ""ok"": false, ""profile"": ""full_gpu"", ""request_id"": ""qa_hotpotqa_00001""}, {""adapter"": ""full"", ""env"": ""tailguardkv-base"", ""error"": ""OutOfMemoryError: CUDA out of memory. Tried to allocate 1.02 GiB. GPU 0 has a total capacity of 10.75 GiB of which 747.62 MiB is free. Process 54604 has 9.42 GiB memory in use. Including non-PyTorch memory, this process has 612.00 MiB memory in use. Of the allocated memory 0 bytes is allocated by PyTorch, and 0 bytes is reserved by PyTorch but unallocated. If reserved but unallocated memory is large try setting PYTORCH_CUDA_ALLOC_CONF=expandable_segments:True to avoid fragmentation.  See documentation for Memory Management  (https://pytorch.org/docs/stable/notes/cuda.html#environment-variables)\nTraceback (most recent call last):\n  File \""/DATACENTER3/zhenxiang.wang/work/TailGuardKV/profiles/qwen2_kv_runtime.py\"", line 203, in worker_run_batch\n    runtime = _ensure_worker_runtime(worker_state, profile, requests[0])\n  File \""/DATACENTER3/zhenxiang.wang/work/TailGuardKV/profiles/qwen2_kv_runtime.py\"", line 458, in _ensure_worker_runtime\n    runtime = _prepare_full_runtime(request, worker_start=worker_start)\n  File \""/DATACENTER3/zhenxiang.wang/work/TailGuardKV/profiles/qwen2_kv_runtime.py\"", line 352, in _prepare_full_runtime\n    model, tokenizer, device = _load_qwen2_model(payload, torch, modules[\""AutoModelForCausalLM\""], modules[\""AutoTokenizer\""])\n  File \""/DATACENTER3/zhenxiang.wang/work/TailGuardKV/profiles/qwen2_runtime_common.py\"", line 206, in load_qwen2_model\n    model = auto_model.from_pretrained(\n  File \""/DATACENTER3/zhenxiang.wang/miniforge3/envs/tailguardkv-base/lib/python3.10/site-packages/transformers/models/auto/auto_factory.py\"", line 564, in from_pretrained\n    return model_class.from_pretrained(\n  File \""/DATACENTER3/zhenxiang.wang/miniforge3/envs/tailguardkv-base/lib/python3.10/site-packages/transformers/modeling_utils.py\"", line 3903, in from_pretrained\n    ) = cls._load_pretrained_model(\n  File \""/DATACENTER3/zhenxiang.wang/miniforge3/envs/tailguardkv-base/lib/python3.10/site-packages/transformers/modeling_utils.py\"", line 4377, in _load_pretrained_model\n    new_error_msgs, offload_index, state_dict_index = _load_state_dict_into_meta_model(\n  File \""/DATACENTER3/zhenxiang.wang/miniforge3/envs/tailguardkv-base/lib/python3.10/site-packages/transformers/modeling_utils.py\"", line 933, in _load_state_dict_into_meta_model\n    set_module_tensor_to_device(model, param_name, param_device, **set_module_kwargs)\n  File \""/DATACENTER3/zhenxiang.wang/miniforge3/envs/tailguardkv-base/lib/python3.10/site-packages/accelerate/utils/modeling.py\"", line 353, in set_module_tensor_to_device\n    new_value = value.to(device, non_blocking=non_blocking)\ntorch.OutOfMemoryError: CUDA out of memory. Tried to allocate 1.02 GiB. GPU 0 has a total capacity of 10.75 GiB of which 747.62 MiB is free. Process 54604 has 9.42 GiB memory in use. Including non-PyTorch memory, this process has 612.00 MiB memory in use. Of the allocated memory 0 bytes is allocated by PyTorch, and 0 bytes is reserved by PyTorch but unallocated. If reserved but unallocated memory is large try setting PYTORCH_CUDA_ALLOC_CONF=expandable_segments:True to avoid fragmentation.  See documentation for Memory Management  (https://pytorch.org/docs/stable/notes/cuda.html#environment-variables)\n"", ""measured"": false, ""ok"": false, ""profile"": ""full_gpu"", ""request_id"": ""qa_musique_00113""}, {""adapter"": ""full"", ""env"": ""tailguardkv-base"", ""error"": ""OutOfMemoryError: CUDA out of memory. Tried to allocate 1.02 GiB. GPU 0 has a total capacity of 10.75 GiB of which 747.62 MiB is free. Process 54604 has 9.42 GiB memory in use. Including non-PyTorch memory, this process has 612.00 MiB memory in use. Of the allocated memory 0 bytes is allocated by PyTorch, and 0 bytes is reserved by PyTorch but unallocated. If reserved but unallocated memory is large try setting PYTORCH_CUDA_ALLOC_CONF=expandable_segments:True to avoid fragmentation.  See documentation for Memory Management  (https://pytorch.org/docs/stable/notes/cuda.html#environment-variables)\nTraceback (most recent call last):\n  File \""/DATACENTER3/zhenxiang.wang/work/TailGuardKV/profiles/qwen2_kv_runtime.py\"", line 203, in worker_run_batch\n    runtime = _ensure_worker_runtime(worker_state, profile, requests[0])\n  File \""/DATACENTER3/zhenxiang.wang/work/TailGuardKV/profiles/qwen2_kv_runtime.py\"", line 458, in _ensure_worker_runtime\n    runtime = _prepare_full_runtime(request, worker_start=worker_start)\n  File \""/DATACENTER3/zhenxiang.wang/work/TailGuardKV/profiles/qwen2_kv_runtime.py\"", line 352, in _prepare_full_runtime\n    model, tokenizer, device = _load_qwen2_model(payload, torch, modules[\""AutoModelForCausalLM\""], modules[\""AutoTokenizer\""])\n  File \""/DATACENTER3/zhenxiang.wang/work/TailGuardKV/profiles/qwen2_runtime_common.py\"", line 206, in load_qwen2_model\n    model = auto_model.from_pretrained(\n  File \""/DATACENTER3/zhenxiang.wang/miniforge3/envs/tailguardkv-base/lib/python3.10/site-packages/transformers/models/auto/auto_factory.py\"", line 564, in from_pretrained\n    return model_class.from_pretrained(\n  File \""/DATACENTER3/zhenxiang.wang/miniforge3/envs/tailguardkv-base/lib/python3.10/site-packages/transformers/modeling_utils.py\"", line 3903, in from_pretrained\n    ) = cls._load_pretrained_model(\n  File \""/DATACENTER3/zhenxiang.wang/miniforge3/envs/tailguardkv-base/lib/python3.10/site-packages/transformers/modeling_utils.py\"", line 4377, in _load_pretrained_model\n    new_error_msgs, offload_index, state_dict_index = _load_state_dict_into_meta_model(\n  File \""/DATACENTER3/zhenxiang.wang/miniforge3/envs/tailguardkv-base/lib/python3.10/site-packages/transformers/modeling_utils.py\"", line 933, in _load_state_dict_into_meta_model\n    set_module_tensor_to_device(model, param_name, param_device, **set_module_kwargs)\n  File \""/DATACENTER3/zhenxiang.wang/miniforge3/envs/tailguardkv-base/lib/python3.10/site-packages/accelerate/utils/modeling.py\"", line 353, in set_module_tensor_to_device\n    new_value = value.to(device, non_blocking=non_blocking)\ntorch.OutOfMemoryError: CUDA out of memory. Tried to allocate 1.02 GiB. GPU 0 has a total capacity of 10.75 GiB of which 747.62 MiB is free. Process 54604 has 9.42 GiB memory in use. Including non-PyTorch memory, this process has 612.00 MiB memory in use. Of the allocated memory 0 bytes is allocated by PyTorch, and 0 bytes is reserved by PyTorch but unallocated. If reserved but unallocated memory is large try setting PYTORCH_CUDA_ALLOC_CONF=expandable_segments:True to avoid fragmentation.  See documentation for Memory Management  (https://pytorch.org/docs/stable/notes/cuda.html#environment-variables)\n"", ""measured"": false, ""ok"": false, ""profile"": ""full_gpu"", ""request_id"": ""qa_musique_00123""}, {""adapter"": ""full"", ""env"": ""tailguardkv-base"", ""error"": ""OutOfMemoryError: CUDA out of memory. Tried to allocate 1.02 GiB. GPU 0 has a total capacity of 10.75 GiB of which 747.62 MiB is free. Process 54604 has 9.42 GiB memory in use. Including non-PyTorch memory, this process has 612.00 MiB memory in use. Of the allocated memory 0 bytes is allocated by PyTorch, and 0 bytes is reserved by PyTorch but unallocated. If reserved but unallocated memory is large try setting PYTORCH_CUDA_ALLOC_CONF=expandable_segments:True to avoid fragmentation.  See documentation for Memory Management  (https://pytorch.org/docs/stable/notes/cuda.html#environment-variables)\nTraceback (most recent call last):\n  File \""/DATACENTER3/zhenxiang.wang/work/TailGuardKV/profiles/qwen2_kv_runtime.py\"", line 203, in worker_run_batch\n    runtime = _ensure_worker_runtime(worker_state, profile, requests[0])\n  File \""/DATACENTER3/zhenxiang.wang/work/TailGuardKV/profiles/qwen2_kv_runtime.py\"", line 458, in _ensure_worker_runtime\n    runtime = _prepare_full_runtime(request, worker_start=worker_start)\n  File \""/DATACENTER3/zhenxiang.wang/work/TailGuardKV/profiles/qwen2_kv_runtime.py\"", line 352, in _prepare_full_runtime\n    model, tokenizer, device = _load_qwen2_model(payload, torch, modules[\""AutoModelForCausalLM\""], modules[\""AutoTokenizer\""])\n  File \""/DATACENTER3/zhenxiang.wang/work/TailGuardKV/profiles/qwen2_runtime_common.py\"", line 206, in load_qwen2_model\n    model = auto_model.from_pretrained(\n  File \""/DATACENTER3/zhenxiang.wang/miniforge3/envs/tailguardkv-base/lib/python3.10/site-packages/transformers/models/auto/auto_factory.py\"", line 564, in from_pretrained\n    return model_class.from_pretrained(\n  File \""/DATACENTER3/zhenxiang.wang/miniforge3/envs/tailguardkv-base/lib/python3.10/site-packages/transformers/modeling_utils.py\"", line 3903, in from_pretrained\n    ) = cls._load_pretrained_model(\n  File \""/DATACENTER3/zhenxiang.wang/miniforge3/envs/tailguardkv-base/lib/python3.10/site-packages/transformers/modeling_utils.py\"", line 4377, in _load_pretrained_model\n    new_error_msgs, offload_index, state_dict_index = _load_state_dict_into_meta_model(\n  File \""/DATACENTER3/zhenxiang.wang/miniforge3/envs/tailguardkv-base/lib/python3.10/site-packages/transformers/modeling_utils.py\"", line 933, in _load_state_dict_into_meta_model\n    set_module_tensor_to_device(model, param_name, param_device, **set_module_kwargs)\n  File \""/DATACENTER3/zhenxiang.wang/miniforge3/envs/tailguardkv-base/lib/python3.10/site-packages/accelerate/utils/modeling.py\"", line 353, in set_module_tensor_to_device\n    new_value = value.to(device, non_blocking=non_blocking)\ntorch.OutOfMemoryError: CUDA out of memory. Tried to allocate 1.02 GiB. GPU 0 has a total capacity of 10.75 GiB of which 747.62 MiB is free. Process 54604 has 9.42 GiB memory in use. Including non-PyTorch memory, this process has 612.00 MiB memory in use. Of the allocated memory 0 bytes is allocated by PyTorch, and 0 bytes is reserved by PyTorch but unallocated. If reserved but unallocated memory is large try setting PYTORCH_CUDA_ALLOC_CONF=expandable_segments:True to avoid fragmentation.  See documentation for Memory Management  (https://pytorch.org/docs/stable/notes/cuda.html#environment-variables)\n"", ""measured"": false, ""ok"": false, ""profile"": ""full_gpu"", ""request_id"": ""qa_2wikimqa_00017""}, {""adapter"": ""full"", ""env"": ""tailguardkv-base"", ""error"": ""OutOfMemoryError: CUDA out of memory. Tried to allocate 1.02 GiB. GPU 0 has a total capacity of 10.75 GiB of which 747.62 MiB is free. Process 54604 has 9.42 GiB memory in use. Including non-PyTorch memory, this process has 612.00 MiB memory in use. Of the allocated memory 0 bytes is allocated by PyTorch, and 0 bytes is reserved by PyTorch but unallocated. If reserved but unallocated memory is large try setting PYTORCH_CUDA_ALLOC_CONF=expandable_segments:True to avoid fragmentation.  See documentation for Memory Management  (https://pytorch.org/docs/stable/notes/cuda.html#environment-variables)\nTraceback (most recent call last):\n  File \""/DATACENTER3/zhenxiang.wang/work/TailGuardKV/profiles/qwen2_kv_runtime.py\"", line 203, in worker_run_batch\n    runtime = _ensure_worker_runtime(worker_state, profile, requests[0])\n  File \""/DATACENTER3/zhenxiang.wang/work/TailGuardKV/profiles/qwen2_kv_runtime.py\"", line 458, in _ensure_worker_runtime\n    runtime = _prepare_full_runtime(request, worker_start=worker_start)\n  File \""/DATACENTER3/zhenxiang.wang/work/TailGuardKV/profiles/qwen2_kv_runtime.py\"", line 352, in _prepare_full_runtime\n    model, tokenizer, device = _load_qwen2_model(payload, torch, modules[\""AutoModelForCausalLM\""], modules[\""AutoTokenizer\""])\n  File \""/DATACENTER3/zhenxiang.wang/work/TailGuardKV/profiles/qwen2_runtime_common.py\"", line 206, in load_qwen2_model\n    model = auto_model.from_pretrained(\n  File \""/DATACENTER3/zhenxiang.wang/miniforge3/envs/tailguardkv-base/lib/python3.10/site-packages/transformers/models/auto/auto_factory.py\"", line 564, in from_pretrained\n    return model_class.from_pretrained(\n  File \""/DATACENTER3/zhenxiang.wang/miniforge3/envs/tailguardkv-base/lib/python3.10/site-packages/transformers/modeling_utils.py\"", line 3903, in from_pretrained\n    ) = cls._load_pretrained_model(\n  File \""/DATACENTER3/zhenxiang.wang/miniforge3/envs/tailguardkv-base/lib/python3.10/site-packages/transformers/modeling_utils.py\"", line 4377, in _load_pretrained_model\n    new_error_msgs, offload_index, state_dict_index = _load_state_dict_into_meta_model(\n  File \""/DATACENTER3/zhenxiang.wang/miniforge3/envs/tailguardkv-base/lib/python3.10/site-packages/transformers/modeling_utils.py\"", line 933, in _load_state_dict_into_meta_model\n    set_module_tensor_to_device(model, param_name, param_device, **set_module_kwargs)\n  File \""/DATACENTER3/zhenxiang.wang/miniforge3/envs/tailguardkv-base/lib/python3.10/site-packages/accelerate/utils/modeling.py\"", line 353, in set_module_tensor_to_device\n    new_value = value.to(device, non_blocking=non_blocking)\ntorch.OutOfMemoryError: CUDA out of memory. Tried to allocate 1.02 GiB. GPU 0 has a total capacity of 10.75 GiB of which 747.62 MiB is free. Process 54604 has 9.42 GiB memory in use. Including non-PyTorch memory, this process has 612.00 MiB memory in use. Of the allocated memory 0 bytes is allocated by PyTorch, and 0 bytes is reserved by PyTorch but unallocated. If reserved but unallocated memory is large try setting PYTORCH_CUDA_ALLOC_CONF=expandable_segments:True to avoid fragmentation.  See documentation for Memory Management  (https://pytorch.org/docs/stable/notes/cuda.html#environment-variables)\n"", ""measured"": false, ""ok"": false, ""profile"": ""full_gpu"", ""request_id"": ""qa_2wikimqa_00087""}, {""adapter"": ""full"", ""env"": ""tailguardkv-base"", ""error"": ""OutOfMemoryError: CUDA out of memory. Tried to allocate 1.02 GiB. GPU 0 has a total capacity of 10.75 GiB of which 747.62 MiB is free. Process 54604 has 9.42 GiB memory in use. Including non-PyTorch memory, this process has 612.00 MiB memory in use. Of the allocated memory 0 bytes is allocated by PyTorch, and 0 bytes is reserved by PyTorch but unallocated. If reserved but unallocated memory is large try setting PYTORCH_CUDA_ALLOC_CONF=expandable_segments:True to avoid fragmentation.  See documentation for Memory Management  (https://pytorch.org/docs/stable/notes/cuda.html#environment-variables)\nTraceback (most recent call last):\n  File \""/DATACENTER3/zhenxiang.wang/work/TailGuardKV/profiles/qwen2_kv_runtime.py\"", line 203, in worker_run_batch\n    runtime = _ensure_worker_runtime(worker_state, profile, requests[0])\n  File \""/DATACENTER3/zhenxiang.wang/work/TailGuardKV/profiles/qwen2_kv_runtime.py\"", line 458, in _ensure_worker_runtime\n    runtime = _prepare_full_runtime(request, worker_start=worker_start)\n  File \""/DATACENTER3/zhenxiang.wang/work/TailGuardKV/profiles/qwen2_kv_runtime.py\"", line 352, in _prepare_full_runtime\n    model, tokenizer, device = _load_qwen2_model(payload, torch, modules[\""AutoModelForCausalLM\""], modules[\""AutoTokenizer\""])\n  File \""/DATACENTER3/zhenxiang.wang/work/TailGuardKV/profiles/qwen2_runtime_common.py\"", line 206, in load_qwen2_model\n    model = auto_model.from_pretrained(\n  File \""/DATACENTER3/zhenxiang.wang/miniforge3/envs/tailguardkv-base/lib/python3.10/site-packages/transformers/models/auto/auto_factory.py\"", line 564, in from_pretrained\n    return model_class.from_pretrained(\n  File \""/DATACENTER3/zhenxiang.wang/miniforge3/envs/tailguardkv-base/lib/python3.10/site-packages/transformers/modeling_utils.py\"", line 3903, in from_pretrained\n    ) = cls._load_pretrained_model(\n  File \""/DATACENTER3/zhenxiang.wang/miniforge3/envs/tailguardkv-base/lib/python3.10/site-packages/transformers/modeling_utils.py\"", line 4377, in _load_pretrained_model\n    new_error_msgs, offload_index, state_dict_index = _load_state_dict_into_meta_model(\n  File \""/DATACENTER3/zhenxiang.wang/miniforge3/envs/tailguardkv-base/lib/python3.10/site-packages/transformers/modeling_utils.py\"", line 933, in _load_state_dict_into_meta_model\n    set_module_tensor_to_device(model, param_name, param_device, **set_module_kwargs)\n  File \""/DATACENTER3/zhenxiang.wang/miniforge3/envs/tailguardkv-base/lib/python3.10/site-packages/accelerate/utils/modeling.py\"", line 353, in set_module_tensor_to_device\n    new_value = value.to(device, non_blocking=non_blocking)\ntorch.OutOfMemoryError: CUDA out of memory. Tried to allocate 1.02 GiB. GPU 0 has a total capacity of 10.75 GiB of which 747.62 MiB is free. Process 54604 has 9.42 GiB memory in use. Including non-PyTorch memory, this process has 612.00 MiB memory in use. Of the allocated memory 0 bytes is allocated by PyTorch, and 0 bytes is reserved by PyTorch but unallocated. If reserved but unallocated memory is large try setting PYTORCH_CUDA_ALLOC_CONF=expandable_segments:True to avoid fragmentation.  See documentation for Memory Management  (https://pytorch.org/docs/stable/notes/cuda.html#environment-variables)\n"", ""measured"": false, ""ok"": false, ""profile"": ""full_gpu"", ""request_id"": ""qa_hotpotqa_00066""}, {""adapter"": ""full"", ""env"": ""tailguardkv-base"", ""error"": ""OutOfMemoryError: CUDA out of memory. Tried to allocate 1.02 GiB. GPU 0 has a total capacity of 10.75 GiB of which 747.62 MiB is free. Process 54604 has 9.42 GiB memory in use. Including non-PyTorch memory, this process has 612.00 MiB memory in use. Of the allocated memory 0 bytes is allocated by PyTorch, and 0 bytes is reserved by PyTorch but unallocated. If reserved but unallocated memory is large try setting PYTORCH_CUDA_ALLOC_CONF=expandable_segments:True to avoid fragmentation.  See documentation for Memory Management  (https://pytorch.org/docs/stable/notes/cuda.html#environment-variables)\nTraceback (most recent call last):\n  File \""/DATACENTER3/zhenxiang.wang/work/TailGuardKV/profiles/qwen2_kv_runtime.py\"", line 203, in worker_run_batch\n    runtime = _ensure_worker_runtime(worker_state, profile, requests[0])\n  File \""/DATACENTER3/zhenxiang.wang/work/TailGuardKV/profiles/qwen2_kv_runtime.py\"", line 458, in _ensure_worker_runtime\n    runtime = _prepare_full_runtime(request, worker_start=worker_start)\n  File \""/DATACENTER3/zhenxiang.wang/work/TailGuardKV/profiles/qwen2_kv_runtime.py\"", line 352, in _prepare_full_runtime\n    model, tokenizer, device = _load_qwen2_model(payload, torch, modules[\""AutoModelForCausalLM\""], modules[\""AutoTokenizer\""])\n  File \""/DATACENTER3/zhenxiang.wang/work/TailGuardKV/profiles/qwen2_runtime_common.py\"", line 206, in load_qwen2_model\n    model = auto_model.from_pretrained(\n  File \""/DATACENTER3/zhenxiang.wang/miniforge3/envs/tailguardkv-base/lib/python3.10/site-packages/transformers/models/auto/auto_factory.py\"", line 564, in from_pretrained\n    return model_class.from_pretrained(\n  File \""/DATACENTER3/zhenxiang.wang/miniforge3/envs/tailguardkv-base/lib/python3.10/site-packages/transformers/modeling_utils.py\"", line 3903, in from_pretrained\n    ) = cls._load_pretrained_model(\n  File \""/DATACENTER3/zhenxiang.wang/miniforge3/envs/tailguardkv-base/lib/python3.10/site-packages/transformers/modeling_utils.py\"", line 4377, in _load_pretrained_model\n    new_error_msgs, offload_index, state_dict_index = _load_state_dict_into_meta_model(\n  File \""/DATACENTER3/zhenxiang.wang/miniforge3/envs/tailguardkv-base/lib/python3.10/site-packages/transformers/modeling_utils.py\"", line 933, in _load_state_dict_into_meta_model\n    set_module_tensor_to_device(model, param_name, param_device, **set_module_kwargs)\n  File \""/DATACENTER3/zhenxiang.wang/miniforge3/envs/tailguardkv-base/lib/python3.10/site-packages/accelerate/utils/modeling.py\"", line 353, in set_module_tensor_to_device\n    new_value = value.to(device, non_blocking=non_blocking)\ntorch.OutOfMemoryError: CUDA out of memory. Tried to allocate 1.02 GiB. GPU 0 has a total capacity of 10.75 GiB of which 747.62 MiB is free. Process 54604 has 9.42 GiB memory in use. Including non-PyTorch memory, this process has 612.00 MiB memory in use. Of the allocated memory 0 bytes is allocated by PyTorch, and 0 bytes is reserved by PyTorch but unallocated. If reserved but unallocated memory is large try setting PYTORCH_CUDA_ALLOC_CONF=expandable_segments:True to avoid fragmentation.  See documentation for Memory Management  (https://pytorch.org/docs/stable/notes/cuda.html#environment-variables)\n"", ""measured"": false, ""ok"": false, ""profile"": ""full_gpu"", ""request_id"": ""summary_samsum_00018""}, {""adapter"": ""full"", ""env"": ""tailguardkv-base"", ""error"": ""OutOfMemoryError: CUDA out of memory. Tried to allocate 1.02 GiB. GPU 0 has a total capacity of 10.75 GiB of which 747.62 MiB is free. Process 54604 has 9.42 GiB memory in use. Including non-PyTorch memory, this process has 612.00 MiB memory in use. Of the allocated memory 0 bytes is allocated by PyTorch, and 0 bytes is reserved by PyTorch but unallocated. If reserved but unallocated memory is large try setting PYTORCH_CUDA_ALLOC_CONF=expandable_segments:True to avoid fragmentation.  See documentation for Memory Management  (https://pytorch.org/docs/stable/notes/cuda.html#environment-variables)\nTraceback (most recent call last):\n  File \""/DATACENTER3/zhenxiang.wang/work/TailGuardKV/profiles/qwen2_kv_runtime.py\"", line 203, in worker_run_batch\n    runtime = _ensure_worker_runtime(worker_state, profile, requests[0])\n  File \""/DATACENTER3/zhenxiang.wang/work/TailGuardKV/profiles/qwen2_kv_runtime.py\"", line 458, in _ensure_worker_runtime\n    runtime = _prepare_full_runtime(request, worker_start=worker_start)\n  File \""/DATACENTER3/zhenxiang.wang/work/TailGuardKV/profiles/qwen2_kv_runtime.py\"", line 352, in _prepare_full_runtime\n    model, tokenizer, device = _load_qwen2_model(payload, torch, modules[\""AutoModelForCausalLM\""], modules[\""AutoTokenizer\""])\n  File \""/DATACENTER3/zhenxiang.wang/work/TailGuardKV/profiles/qwen2_runtime_common.py\"", line 206, in load_qwen2_model\n    model = auto_model.from_pretrained(\n  File \""/DATACENTER3/zhenxiang.wang/miniforge3/envs/tailguardkv-base/lib/python3.10/site-packages/transformers/models/auto/auto_factory.py\"", line 564, in from_pretrained\n    return model_class.from_pretrained(\n  File \""/DATACENTER3/zhenxiang.wang/miniforge3/envs/tailguardkv-base/lib/python3.10/site-packages/transformers/modeling_utils.py\"", line 3903, in from_pretrained\n    ) = cls._load_pretrained_model(\n  File \""/DATACENTER3/zhenxiang.wang/miniforge3/envs/tailguardkv-base/lib/python3.10/site-packages/transformers/modeling_utils.py\"", line 4377, in _load_pretrained_model\n    new_error_msgs, offload_index, state_dict_index = _load_state_dict_into_meta_model(\n  File \""/DATACENTER3/zhenxiang.wang/miniforge3/envs/tailguardkv-base/lib/python3.10/site-packages/transformers/modeling_utils.py\"", line 933, in _load_state_dict_into_meta_model\n    set_module_tensor_to_device(model, param_name, param_device, **set_module_kwargs)\n  File \""/DATACENTER3/zhenxiang.wang/miniforge3/envs/tailguardkv-base/lib/python3.10/site-packages/accelerate/utils/modeling.py\"", line 353, in set_module_tensor_to_device\n    new_value = value.to(device, non_blocking=non_blocking)\ntorch.OutOfMemoryError: CUDA out of memory. Tried to allocate 1.02 GiB. GPU 0 has a total capacity of 10.75 GiB of which 747.62 MiB is free. Process 54604 has 9.42 GiB memory in use. Including non-PyTorch memory, this process has 612.00 MiB memory in use. Of the allocated memory 0 bytes is allocated by PyTorch, and 0 bytes is reserved by PyTorch but unallocated. If reserved but unallocated memory is large try setting PYTORCH_CUDA_ALLOC_CONF=expandable_segments:True to avoid fragmentation.  See documentation for Memory Management  (https://pytorch.org/docs/stable/notes/cuda.html#environment-variables)\n"", ""measured"": false, ""ok"": false, ""profile"": ""full_gpu"", ""request_id"": ""summary_samsum_00033""}]",configs/pilot_external_baseline_quality.yaml,out/20260813_093628_pilot_external_baseline_quality,,,,,,,,,,,,,,,,,,,,,,,,,,,,,,,,,,,,,,,False,False,False,[],,,,,False,False,False
