adapter,budget_hit,error,evicted_kv_mib,extra_backend,extra_env,extra_failure_stage,extra_family,extra_model,extra_profile,extra_profile_note,extra_runtime_cuda_visible_devices,extra_runtime_device_strategy,extra_stage_decode_ms,extra_stage_generate_ms,extra_stage_model_load_ms,extra_stage_startup_ms,extra_stage_tokenize_ms,extra_stage_total_ms,extra_stage_transfer_ms,extra_unsupported,extra_worker_cuda_visible_devices,extra_worker_device_strategy,extra_worker_mode,kv_cache_memory_mib,kv_cumulative_mib,kv_incremental_mib,latency_ms,measured,ok,output_text,peak_memory_mib,profile,quality_loss,quality_score,recompute_ms,request_id,resident_kv_mib_after,resident_kv_mib_before,resident_memory_mib,restore_ms,session_id,ttft_ms,turn_index
full,False,"OutOfMemoryError: CUDA out of memory. Tried to allocate 1.02 GiB. GPU 0 has a total capacity of 10.75 GiB of which 747.62 MiB is free. Process 54604 has 9.42 GiB memory in use. Including non-PyTorch memory, this process has 612.00 MiB memory in use. Of the allocated memory 0 bytes is allocated by PyTorch, and 0 bytes is reserved by PyTorch but unallocated. If reserved but unallocated memory is large try setting PYTORCH_CUDA_ALLOC_CONF=expandable_segments:True to avoid fragmentation.  See documentation for Memory Management  (https://pytorch.org/docs/stable/notes/cuda.html#environment-variables)
Traceback (most recent call last):
  File ""/DATACENTER3/zhenxiang.wang/work/TailGuardKV/profiles/qwen2_kv_runtime.py"", line 203, in worker_run_batch
    runtime = _ensure_worker_runtime(worker_state, profile, requests[0])
  File ""/DATACENTER3/zhenxiang.wang/work/TailGuardKV/profiles/qwen2_kv_runtime.py"", line 458, in _ensure_worker_runtime
    runtime = _prepare_full_runtime(request, worker_start=worker_start)
  File ""/DATACENTER3/zhenxiang.wang/work/TailGuardKV/profiles/qwen2_kv_runtime.py"", line 352, in _prepare_full_runtime
    model, tokenizer, device = _load_qwen2_model(payload, torch, modules[""AutoModelForCausalLM""], modules[""AutoTokenizer""])
  File ""/DATACENTER3/zhenxiang.wang/work/TailGuardKV/profiles/qwen2_runtime_common.py"", line 206, in load_qwen2_model
    model = auto_model.from_pretrained(
  File ""/DATACENTER3/zhenxiang.wang/miniforge3/envs/tailguardkv-base/lib/python3.10/site-packages/transformers/models/auto/auto_factory.py"", line 564, in from_pretrained
    return model_class.from_pretrained(
  File ""/DATACENTER3/zhenxiang.wang/miniforge3/envs/tailguardkv-base/lib/python3.10/site-packages/transformers/modeling_utils.py"", line 3903, in from_pretrained
    ) = cls._load_pretrained_model(
  File ""/DATACENTER3/zhenxiang.wang/miniforge3/envs/tailguardkv-base/lib/python3.10/site-packages/transformers/modeling_utils.py"", line 4377, in _load_pretrained_model
    new_error_msgs, offload_index, state_dict_index = _load_state_dict_into_meta_model(
  File ""/DATACENTER3/zhenxiang.wang/miniforge3/envs/tailguardkv-base/lib/python3.10/site-packages/transformers/modeling_utils.py"", line 933, in _load_state_dict_into_meta_model
    set_module_tensor_to_device(model, param_name, param_device, **set_module_kwargs)
  File ""/DATACENTER3/zhenxiang.wang/miniforge3/envs/tailguardkv-base/lib/python3.10/site-packages/accelerate/utils/modeling.py"", line 353, in set_module_tensor_to_device
    new_value = value.to(device, non_blocking=non_blocking)
torch.OutOfMemoryError: CUDA out of memory. Tried to allocate 1.02 GiB. GPU 0 has a total capacity of 10.75 GiB of which 747.62 MiB is free. Process 54604 has 9.42 GiB memory in use. Including non-PyTorch memory, this process has 612.00 MiB memory in use. Of the allocated memory 0 bytes is allocated by PyTorch, and 0 bytes is reserved by PyTorch but unallocated. If reserved but unallocated memory is large try setting PYTORCH_CUDA_ALLOC_CONF=expandable_segments:True to avoid fragmentation.  See documentation for Memory Management  (https://pytorch.org/docs/stable/notes/cuda.html#environment-variables)
",,qwen2_kv_runtime,tailguardkv-base,worker,full,/DATACENTER3/zhenxiang.wang/resource/Qwen2.5-7B-Instruct,full_gpu,full/exact qwen2 runtime,,balanced_two_gpu,0.0,0.0,0.0,0.0,0.0,0.0,0.0,true,,balanced_two_gpu,single,,,,,False,False,,,full_gpu,,,,qa_qasper_00030,,,,,,,0
full,False,"OutOfMemoryError: CUDA out of memory. Tried to allocate 1.02 GiB. GPU 0 has a total capacity of 10.75 GiB of which 747.62 MiB is free. Process 54604 has 9.42 GiB memory in use. Including non-PyTorch memory, this process has 612.00 MiB memory in use. Of the allocated memory 0 bytes is allocated by PyTorch, and 0 bytes is reserved by PyTorch but unallocated. If reserved but unallocated memory is large try setting PYTORCH_CUDA_ALLOC_CONF=expandable_segments:True to avoid fragmentation.  See documentation for Memory Management  (https://pytorch.org/docs/stable/notes/cuda.html#environment-variables)
Traceback (most recent call last):
  File ""/DATACENTER3/zhenxiang.wang/work/TailGuardKV/profiles/qwen2_kv_runtime.py"", line 203, in worker_run_batch
    runtime = _ensure_worker_runtime(worker_state, profile, requests[0])
  File ""/DATACENTER3/zhenxiang.wang/work/TailGuardKV/profiles/qwen2_kv_runtime.py"", line 458, in _ensure_worker_runtime
    runtime = _prepare_full_runtime(request, worker_start=worker_start)
  File ""/DATACENTER3/zhenxiang.wang/work/TailGuardKV/profiles/qwen2_kv_runtime.py"", line 352, in _prepare_full_runtime
    model, tokenizer, device = _load_qwen2_model(payload, torch, modules[""AutoModelForCausalLM""], modules[""AutoTokenizer""])
  File ""/DATACENTER3/zhenxiang.wang/work/TailGuardKV/profiles/qwen2_runtime_common.py"", line 206, in load_qwen2_model
    model = auto_model.from_pretrained(
  File ""/DATACENTER3/zhenxiang.wang/miniforge3/envs/tailguardkv-base/lib/python3.10/site-packages/transformers/models/auto/auto_factory.py"", line 564, in from_pretrained
    return model_class.from_pretrained(
  File ""/DATACENTER3/zhenxiang.wang/miniforge3/envs/tailguardkv-base/lib/python3.10/site-packages/transformers/modeling_utils.py"", line 3903, in from_pretrained
    ) = cls._load_pretrained_model(
  File ""/DATACENTER3/zhenxiang.wang/miniforge3/envs/tailguardkv-base/lib/python3.10/site-packages/transformers/modeling_utils.py"", line 4377, in _load_pretrained_model
    new_error_msgs, offload_index, state_dict_index = _load_state_dict_into_meta_model(
  File ""/DATACENTER3/zhenxiang.wang/miniforge3/envs/tailguardkv-base/lib/python3.10/site-packages/transformers/modeling_utils.py"", line 933, in _load_state_dict_into_meta_model
    set_module_tensor_to_device(model, param_name, param_device, **set_module_kwargs)
  File ""/DATACENTER3/zhenxiang.wang/miniforge3/envs/tailguardkv-base/lib/python3.10/site-packages/accelerate/utils/modeling.py"", line 353, in set_module_tensor_to_device
    new_value = value.to(device, non_blocking=non_blocking)
torch.OutOfMemoryError: CUDA out of memory. Tried to allocate 1.02 GiB. GPU 0 has a total capacity of 10.75 GiB of which 747.62 MiB is free. Process 54604 has 9.42 GiB memory in use. Including non-PyTorch memory, this process has 612.00 MiB memory in use. Of the allocated memory 0 bytes is allocated by PyTorch, and 0 bytes is reserved by PyTorch but unallocated. If reserved but unallocated memory is large try setting PYTORCH_CUDA_ALLOC_CONF=expandable_segments:True to avoid fragmentation.  See documentation for Memory Management  (https://pytorch.org/docs/stable/notes/cuda.html#environment-variables)
",,qwen2_kv_runtime,tailguardkv-base,worker,full,/DATACENTER3/zhenxiang.wang/resource/Qwen2.5-7B-Instruct,full_gpu,full/exact qwen2 runtime,,balanced_two_gpu,0.0,0.0,0.0,0.0,0.0,0.0,0.0,true,,balanced_two_gpu,single,,,,,False,False,,,full_gpu,,,,qa_qasper_00060,,,,,,,0
full,False,"OutOfMemoryError: CUDA out of memory. Tried to allocate 1.02 GiB. GPU 0 has a total capacity of 10.75 GiB of which 747.62 MiB is free. Process 54604 has 9.42 GiB memory in use. Including non-PyTorch memory, this process has 612.00 MiB memory in use. Of the allocated memory 0 bytes is allocated by PyTorch, and 0 bytes is reserved by PyTorch but unallocated. If reserved but unallocated memory is large try setting PYTORCH_CUDA_ALLOC_CONF=expandable_segments:True to avoid fragmentation.  See documentation for Memory Management  (https://pytorch.org/docs/stable/notes/cuda.html#environment-variables)
Traceback (most recent call last):
  File ""/DATACENTER3/zhenxiang.wang/work/TailGuardKV/profiles/qwen2_kv_runtime.py"", line 203, in worker_run_batch
    runtime = _ensure_worker_runtime(worker_state, profile, requests[0])
  File ""/DATACENTER3/zhenxiang.wang/work/TailGuardKV/profiles/qwen2_kv_runtime.py"", line 458, in _ensure_worker_runtime
    runtime = _prepare_full_runtime(request, worker_start=worker_start)
  File ""/DATACENTER3/zhenxiang.wang/work/TailGuardKV/profiles/qwen2_kv_runtime.py"", line 352, in _prepare_full_runtime
    model, tokenizer, device = _load_qwen2_model(payload, torch, modules[""AutoModelForCausalLM""], modules[""AutoTokenizer""])
  File ""/DATACENTER3/zhenxiang.wang/work/TailGuardKV/profiles/qwen2_runtime_common.py"", line 206, in load_qwen2_model
    model = auto_model.from_pretrained(
  File ""/DATACENTER3/zhenxiang.wang/miniforge3/envs/tailguardkv-base/lib/python3.10/site-packages/transformers/models/auto/auto_factory.py"", line 564, in from_pretrained
    return model_class.from_pretrained(
  File ""/DATACENTER3/zhenxiang.wang/miniforge3/envs/tailguardkv-base/lib/python3.10/site-packages/transformers/modeling_utils.py"", line 3903, in from_pretrained
    ) = cls._load_pretrained_model(
  File ""/DATACENTER3/zhenxiang.wang/miniforge3/envs/tailguardkv-base/lib/python3.10/site-packages/transformers/modeling_utils.py"", line 4377, in _load_pretrained_model
    new_error_msgs, offload_index, state_dict_index = _load_state_dict_into_meta_model(
  File ""/DATACENTER3/zhenxiang.wang/miniforge3/envs/tailguardkv-base/lib/python3.10/site-packages/transformers/modeling_utils.py"", line 933, in _load_state_dict_into_meta_model
    set_module_tensor_to_device(model, param_name, param_device, **set_module_kwargs)
  File ""/DATACENTER3/zhenxiang.wang/miniforge3/envs/tailguardkv-base/lib/python3.10/site-packages/accelerate/utils/modeling.py"", line 353, in set_module_tensor_to_device
    new_value = value.to(device, non_blocking=non_blocking)
torch.OutOfMemoryError: CUDA out of memory. Tried to allocate 1.02 GiB. GPU 0 has a total capacity of 10.75 GiB of which 747.62 MiB is free. Process 54604 has 9.42 GiB memory in use. Including non-PyTorch memory, this process has 612.00 MiB memory in use. Of the allocated memory 0 bytes is allocated by PyTorch, and 0 bytes is reserved by PyTorch but unallocated. If reserved but unallocated memory is large try setting PYTORCH_CUDA_ALLOC_CONF=expandable_segments:True to avoid fragmentation.  See documentation for Memory Management  (https://pytorch.org/docs/stable/notes/cuda.html#environment-variables)
",,qwen2_kv_runtime,tailguardkv-base,worker,full,/DATACENTER3/zhenxiang.wang/resource/Qwen2.5-7B-Instruct,full_gpu,full/exact qwen2 runtime,,balanced_two_gpu,0.0,0.0,0.0,0.0,0.0,0.0,0.0,true,,balanced_two_gpu,single,,,,,False,False,,,full_gpu,,,,qa_hotpotqa_00001,,,,,,,0
full,False,"OutOfMemoryError: CUDA out of memory. Tried to allocate 1.02 GiB. GPU 0 has a total capacity of 10.75 GiB of which 747.62 MiB is free. Process 54604 has 9.42 GiB memory in use. Including non-PyTorch memory, this process has 612.00 MiB memory in use. Of the allocated memory 0 bytes is allocated by PyTorch, and 0 bytes is reserved by PyTorch but unallocated. If reserved but unallocated memory is large try setting PYTORCH_CUDA_ALLOC_CONF=expandable_segments:True to avoid fragmentation.  See documentation for Memory Management  (https://pytorch.org/docs/stable/notes/cuda.html#environment-variables)
Traceback (most recent call last):
  File ""/DATACENTER3/zhenxiang.wang/work/TailGuardKV/profiles/qwen2_kv_runtime.py"", line 203, in worker_run_batch
    runtime = _ensure_worker_runtime(worker_state, profile, requests[0])
  File ""/DATACENTER3/zhenxiang.wang/work/TailGuardKV/profiles/qwen2_kv_runtime.py"", line 458, in _ensure_worker_runtime
    runtime = _prepare_full_runtime(request, worker_start=worker_start)
  File ""/DATACENTER3/zhenxiang.wang/work/TailGuardKV/profiles/qwen2_kv_runtime.py"", line 352, in _prepare_full_runtime
    model, tokenizer, device = _load_qwen2_model(payload, torch, modules[""AutoModelForCausalLM""], modules[""AutoTokenizer""])
  File ""/DATACENTER3/zhenxiang.wang/work/TailGuardKV/profiles/qwen2_runtime_common.py"", line 206, in load_qwen2_model
    model = auto_model.from_pretrained(
  File ""/DATACENTER3/zhenxiang.wang/miniforge3/envs/tailguardkv-base/lib/python3.10/site-packages/transformers/models/auto/auto_factory.py"", line 564, in from_pretrained
    return model_class.from_pretrained(
  File ""/DATACENTER3/zhenxiang.wang/miniforge3/envs/tailguardkv-base/lib/python3.10/site-packages/transformers/modeling_utils.py"", line 3903, in from_pretrained
    ) = cls._load_pretrained_model(
  File ""/DATACENTER3/zhenxiang.wang/miniforge3/envs/tailguardkv-base/lib/python3.10/site-packages/transformers/modeling_utils.py"", line 4377, in _load_pretrained_model
    new_error_msgs, offload_index, state_dict_index = _load_state_dict_into_meta_model(
  File ""/DATACENTER3/zhenxiang.wang/miniforge3/envs/tailguardkv-base/lib/python3.10/site-packages/transformers/modeling_utils.py"", line 933, in _load_state_dict_into_meta_model
    set_module_tensor_to_device(model, param_name, param_device, **set_module_kwargs)
  File ""/DATACENTER3/zhenxiang.wang/miniforge3/envs/tailguardkv-base/lib/python3.10/site-packages/accelerate/utils/modeling.py"", line 353, in set_module_tensor_to_device
    new_value = value.to(device, non_blocking=non_blocking)
torch.OutOfMemoryError: CUDA out of memory. Tried to allocate 1.02 GiB. GPU 0 has a total capacity of 10.75 GiB of which 747.62 MiB is free. Process 54604 has 9.42 GiB memory in use. Including non-PyTorch memory, this process has 612.00 MiB memory in use. Of the allocated memory 0 bytes is allocated by PyTorch, and 0 bytes is reserved by PyTorch but unallocated. If reserved but unallocated memory is large try setting PYTORCH_CUDA_ALLOC_CONF=expandable_segments:True to avoid fragmentation.  See documentation for Memory Management  (https://pytorch.org/docs/stable/notes/cuda.html#environment-variables)
",,qwen2_kv_runtime,tailguardkv-base,worker,full,/DATACENTER3/zhenxiang.wang/resource/Qwen2.5-7B-Instruct,full_gpu,full/exact qwen2 runtime,,balanced_two_gpu,0.0,0.0,0.0,0.0,0.0,0.0,0.0,true,,balanced_two_gpu,single,,,,,False,False,,,full_gpu,,,,qa_musique_00113,,,,,,,0
full,False,"OutOfMemoryError: CUDA out of memory. Tried to allocate 1.02 GiB. GPU 0 has a total capacity of 10.75 GiB of which 747.62 MiB is free. Process 54604 has 9.42 GiB memory in use. Including non-PyTorch memory, this process has 612.00 MiB memory in use. Of the allocated memory 0 bytes is allocated by PyTorch, and 0 bytes is reserved by PyTorch but unallocated. If reserved but unallocated memory is large try setting PYTORCH_CUDA_ALLOC_CONF=expandable_segments:True to avoid fragmentation.  See documentation for Memory Management  (https://pytorch.org/docs/stable/notes/cuda.html#environment-variables)
Traceback (most recent call last):
  File ""/DATACENTER3/zhenxiang.wang/work/TailGuardKV/profiles/qwen2_kv_runtime.py"", line 203, in worker_run_batch
    runtime = _ensure_worker_runtime(worker_state, profile, requests[0])
  File ""/DATACENTER3/zhenxiang.wang/work/TailGuardKV/profiles/qwen2_kv_runtime.py"", line 458, in _ensure_worker_runtime
    runtime = _prepare_full_runtime(request, worker_start=worker_start)
  File ""/DATACENTER3/zhenxiang.wang/work/TailGuardKV/profiles/qwen2_kv_runtime.py"", line 352, in _prepare_full_runtime
    model, tokenizer, device = _load_qwen2_model(payload, torch, modules[""AutoModelForCausalLM""], modules[""AutoTokenizer""])
  File ""/DATACENTER3/zhenxiang.wang/work/TailGuardKV/profiles/qwen2_runtime_common.py"", line 206, in load_qwen2_model
    model = auto_model.from_pretrained(
  File ""/DATACENTER3/zhenxiang.wang/miniforge3/envs/tailguardkv-base/lib/python3.10/site-packages/transformers/models/auto/auto_factory.py"", line 564, in from_pretrained
    return model_class.from_pretrained(
  File ""/DATACENTER3/zhenxiang.wang/miniforge3/envs/tailguardkv-base/lib/python3.10/site-packages/transformers/modeling_utils.py"", line 3903, in from_pretrained
    ) = cls._load_pretrained_model(
  File ""/DATACENTER3/zhenxiang.wang/miniforge3/envs/tailguardkv-base/lib/python3.10/site-packages/transformers/modeling_utils.py"", line 4377, in _load_pretrained_model
    new_error_msgs, offload_index, state_dict_index = _load_state_dict_into_meta_model(
  File ""/DATACENTER3/zhenxiang.wang/miniforge3/envs/tailguardkv-base/lib/python3.10/site-packages/transformers/modeling_utils.py"", line 933, in _load_state_dict_into_meta_model
    set_module_tensor_to_device(model, param_name, param_device, **set_module_kwargs)
  File ""/DATACENTER3/zhenxiang.wang/miniforge3/envs/tailguardkv-base/lib/python3.10/site-packages/accelerate/utils/modeling.py"", line 353, in set_module_tensor_to_device
    new_value = value.to(device, non_blocking=non_blocking)
torch.OutOfMemoryError: CUDA out of memory. Tried to allocate 1.02 GiB. GPU 0 has a total capacity of 10.75 GiB of which 747.62 MiB is free. Process 54604 has 9.42 GiB memory in use. Including non-PyTorch memory, this process has 612.00 MiB memory in use. Of the allocated memory 0 bytes is allocated by PyTorch, and 0 bytes is reserved by PyTorch but unallocated. If reserved but unallocated memory is large try setting PYTORCH_CUDA_ALLOC_CONF=expandable_segments:True to avoid fragmentation.  See documentation for Memory Management  (https://pytorch.org/docs/stable/notes/cuda.html#environment-variables)
",,qwen2_kv_runtime,tailguardkv-base,worker,full,/DATACENTER3/zhenxiang.wang/resource/Qwen2.5-7B-Instruct,full_gpu,full/exact qwen2 runtime,,balanced_two_gpu,0.0,0.0,0.0,0.0,0.0,0.0,0.0,true,,balanced_two_gpu,single,,,,,False,False,,,full_gpu,,,,qa_musique_00123,,,,,,,0
full,False,"OutOfMemoryError: CUDA out of memory. Tried to allocate 1.02 GiB. GPU 0 has a total capacity of 10.75 GiB of which 747.62 MiB is free. Process 54604 has 9.42 GiB memory in use. Including non-PyTorch memory, this process has 612.00 MiB memory in use. Of the allocated memory 0 bytes is allocated by PyTorch, and 0 bytes is reserved by PyTorch but unallocated. If reserved but unallocated memory is large try setting PYTORCH_CUDA_ALLOC_CONF=expandable_segments:True to avoid fragmentation.  See documentation for Memory Management  (https://pytorch.org/docs/stable/notes/cuda.html#environment-variables)
Traceback (most recent call last):
  File ""/DATACENTER3/zhenxiang.wang/work/TailGuardKV/profiles/qwen2_kv_runtime.py"", line 203, in worker_run_batch
    runtime = _ensure_worker_runtime(worker_state, profile, requests[0])
  File ""/DATACENTER3/zhenxiang.wang/work/TailGuardKV/profiles/qwen2_kv_runtime.py"", line 458, in _ensure_worker_runtime
    runtime = _prepare_full_runtime(request, worker_start=worker_start)
  File ""/DATACENTER3/zhenxiang.wang/work/TailGuardKV/profiles/qwen2_kv_runtime.py"", line 352, in _prepare_full_runtime
    model, tokenizer, device = _load_qwen2_model(payload, torch, modules[""AutoModelForCausalLM""], modules[""AutoTokenizer""])
  File ""/DATACENTER3/zhenxiang.wang/work/TailGuardKV/profiles/qwen2_runtime_common.py"", line 206, in load_qwen2_model
    model = auto_model.from_pretrained(
  File ""/DATACENTER3/zhenxiang.wang/miniforge3/envs/tailguardkv-base/lib/python3.10/site-packages/transformers/models/auto/auto_factory.py"", line 564, in from_pretrained
    return model_class.from_pretrained(
  File ""/DATACENTER3/zhenxiang.wang/miniforge3/envs/tailguardkv-base/lib/python3.10/site-packages/transformers/modeling_utils.py"", line 3903, in from_pretrained
    ) = cls._load_pretrained_model(
  File ""/DATACENTER3/zhenxiang.wang/miniforge3/envs/tailguardkv-base/lib/python3.10/site-packages/transformers/modeling_utils.py"", line 4377, in _load_pretrained_model
    new_error_msgs, offload_index, state_dict_index = _load_state_dict_into_meta_model(
  File ""/DATACENTER3/zhenxiang.wang/miniforge3/envs/tailguardkv-base/lib/python3.10/site-packages/transformers/modeling_utils.py"", line 933, in _load_state_dict_into_meta_model
    set_module_tensor_to_device(model, param_name, param_device, **set_module_kwargs)
  File ""/DATACENTER3/zhenxiang.wang/miniforge3/envs/tailguardkv-base/lib/python3.10/site-packages/accelerate/utils/modeling.py"", line 353, in set_module_tensor_to_device
    new_value = value.to(device, non_blocking=non_blocking)
torch.OutOfMemoryError: CUDA out of memory. Tried to allocate 1.02 GiB. GPU 0 has a total capacity of 10.75 GiB of which 747.62 MiB is free. Process 54604 has 9.42 GiB memory in use. Including non-PyTorch memory, this process has 612.00 MiB memory in use. Of the allocated memory 0 bytes is allocated by PyTorch, and 0 bytes is reserved by PyTorch but unallocated. If reserved but unallocated memory is large try setting PYTORCH_CUDA_ALLOC_CONF=expandable_segments:True to avoid fragmentation.  See documentation for Memory Management  (https://pytorch.org/docs/stable/notes/cuda.html#environment-variables)
",,qwen2_kv_runtime,tailguardkv-base,worker,full,/DATACENTER3/zhenxiang.wang/resource/Qwen2.5-7B-Instruct,full_gpu,full/exact qwen2 runtime,,balanced_two_gpu,0.0,0.0,0.0,0.0,0.0,0.0,0.0,true,,balanced_two_gpu,single,,,,,False,False,,,full_gpu,,,,qa_2wikimqa_00017,,,,,,,0
full,False,"OutOfMemoryError: CUDA out of memory. Tried to allocate 1.02 GiB. GPU 0 has a total capacity of 10.75 GiB of which 747.62 MiB is free. Process 54604 has 9.42 GiB memory in use. Including non-PyTorch memory, this process has 612.00 MiB memory in use. Of the allocated memory 0 bytes is allocated by PyTorch, and 0 bytes is reserved by PyTorch but unallocated. If reserved but unallocated memory is large try setting PYTORCH_CUDA_ALLOC_CONF=expandable_segments:True to avoid fragmentation.  See documentation for Memory Management  (https://pytorch.org/docs/stable/notes/cuda.html#environment-variables)
Traceback (most recent call last):
  File ""/DATACENTER3/zhenxiang.wang/work/TailGuardKV/profiles/qwen2_kv_runtime.py"", line 203, in worker_run_batch
    runtime = _ensure_worker_runtime(worker_state, profile, requests[0])
  File ""/DATACENTER3/zhenxiang.wang/work/TailGuardKV/profiles/qwen2_kv_runtime.py"", line 458, in _ensure_worker_runtime
    runtime = _prepare_full_runtime(request, worker_start=worker_start)
  File ""/DATACENTER3/zhenxiang.wang/work/TailGuardKV/profiles/qwen2_kv_runtime.py"", line 352, in _prepare_full_runtime
    model, tokenizer, device = _load_qwen2_model(payload, torch, modules[""AutoModelForCausalLM""], modules[""AutoTokenizer""])
  File ""/DATACENTER3/zhenxiang.wang/work/TailGuardKV/profiles/qwen2_runtime_common.py"", line 206, in load_qwen2_model
    model = auto_model.from_pretrained(
  File ""/DATACENTER3/zhenxiang.wang/miniforge3/envs/tailguardkv-base/lib/python3.10/site-packages/transformers/models/auto/auto_factory.py"", line 564, in from_pretrained
    return model_class.from_pretrained(
  File ""/DATACENTER3/zhenxiang.wang/miniforge3/envs/tailguardkv-base/lib/python3.10/site-packages/transformers/modeling_utils.py"", line 3903, in from_pretrained
    ) = cls._load_pretrained_model(
  File ""/DATACENTER3/zhenxiang.wang/miniforge3/envs/tailguardkv-base/lib/python3.10/site-packages/transformers/modeling_utils.py"", line 4377, in _load_pretrained_model
    new_error_msgs, offload_index, state_dict_index = _load_state_dict_into_meta_model(
  File ""/DATACENTER3/zhenxiang.wang/miniforge3/envs/tailguardkv-base/lib/python3.10/site-packages/transformers/modeling_utils.py"", line 933, in _load_state_dict_into_meta_model
    set_module_tensor_to_device(model, param_name, param_device, **set_module_kwargs)
  File ""/DATACENTER3/zhenxiang.wang/miniforge3/envs/tailguardkv-base/lib/python3.10/site-packages/accelerate/utils/modeling.py"", line 353, in set_module_tensor_to_device
    new_value = value.to(device, non_blocking=non_blocking)
torch.OutOfMemoryError: CUDA out of memory. Tried to allocate 1.02 GiB. GPU 0 has a total capacity of 10.75 GiB of which 747.62 MiB is free. Process 54604 has 9.42 GiB memory in use. Including non-PyTorch memory, this process has 612.00 MiB memory in use. Of the allocated memory 0 bytes is allocated by PyTorch, and 0 bytes is reserved by PyTorch but unallocated. If reserved but unallocated memory is large try setting PYTORCH_CUDA_ALLOC_CONF=expandable_segments:True to avoid fragmentation.  See documentation for Memory Management  (https://pytorch.org/docs/stable/notes/cuda.html#environment-variables)
",,qwen2_kv_runtime,tailguardkv-base,worker,full,/DATACENTER3/zhenxiang.wang/resource/Qwen2.5-7B-Instruct,full_gpu,full/exact qwen2 runtime,,balanced_two_gpu,0.0,0.0,0.0,0.0,0.0,0.0,0.0,true,,balanced_two_gpu,single,,,,,False,False,,,full_gpu,,,,qa_2wikimqa_00087,,,,,,,0
full,False,"OutOfMemoryError: CUDA out of memory. Tried to allocate 1.02 GiB. GPU 0 has a total capacity of 10.75 GiB of which 747.62 MiB is free. Process 54604 has 9.42 GiB memory in use. Including non-PyTorch memory, this process has 612.00 MiB memory in use. Of the allocated memory 0 bytes is allocated by PyTorch, and 0 bytes is reserved by PyTorch but unallocated. If reserved but unallocated memory is large try setting PYTORCH_CUDA_ALLOC_CONF=expandable_segments:True to avoid fragmentation.  See documentation for Memory Management  (https://pytorch.org/docs/stable/notes/cuda.html#environment-variables)
Traceback (most recent call last):
  File ""/DATACENTER3/zhenxiang.wang/work/TailGuardKV/profiles/qwen2_kv_runtime.py"", line 203, in worker_run_batch
    runtime = _ensure_worker_runtime(worker_state, profile, requests[0])
  File ""/DATACENTER3/zhenxiang.wang/work/TailGuardKV/profiles/qwen2_kv_runtime.py"", line 458, in _ensure_worker_runtime
    runtime = _prepare_full_runtime(request, worker_start=worker_start)
  File ""/DATACENTER3/zhenxiang.wang/work/TailGuardKV/profiles/qwen2_kv_runtime.py"", line 352, in _prepare_full_runtime
    model, tokenizer, device = _load_qwen2_model(payload, torch, modules[""AutoModelForCausalLM""], modules[""AutoTokenizer""])
  File ""/DATACENTER3/zhenxiang.wang/work/TailGuardKV/profiles/qwen2_runtime_common.py"", line 206, in load_qwen2_model
    model = auto_model.from_pretrained(
  File ""/DATACENTER3/zhenxiang.wang/miniforge3/envs/tailguardkv-base/lib/python3.10/site-packages/transformers/models/auto/auto_factory.py"", line 564, in from_pretrained
    return model_class.from_pretrained(
  File ""/DATACENTER3/zhenxiang.wang/miniforge3/envs/tailguardkv-base/lib/python3.10/site-packages/transformers/modeling_utils.py"", line 3903, in from_pretrained
    ) = cls._load_pretrained_model(
  File ""/DATACENTER3/zhenxiang.wang/miniforge3/envs/tailguardkv-base/lib/python3.10/site-packages/transformers/modeling_utils.py"", line 4377, in _load_pretrained_model
    new_error_msgs, offload_index, state_dict_index = _load_state_dict_into_meta_model(
  File ""/DATACENTER3/zhenxiang.wang/miniforge3/envs/tailguardkv-base/lib/python3.10/site-packages/transformers/modeling_utils.py"", line 933, in _load_state_dict_into_meta_model
    set_module_tensor_to_device(model, param_name, param_device, **set_module_kwargs)
  File ""/DATACENTER3/zhenxiang.wang/miniforge3/envs/tailguardkv-base/lib/python3.10/site-packages/accelerate/utils/modeling.py"", line 353, in set_module_tensor_to_device
    new_value = value.to(device, non_blocking=non_blocking)
torch.OutOfMemoryError: CUDA out of memory. Tried to allocate 1.02 GiB. GPU 0 has a total capacity of 10.75 GiB of which 747.62 MiB is free. Process 54604 has 9.42 GiB memory in use. Including non-PyTorch memory, this process has 612.00 MiB memory in use. Of the allocated memory 0 bytes is allocated by PyTorch, and 0 bytes is reserved by PyTorch but unallocated. If reserved but unallocated memory is large try setting PYTORCH_CUDA_ALLOC_CONF=expandable_segments:True to avoid fragmentation.  See documentation for Memory Management  (https://pytorch.org/docs/stable/notes/cuda.html#environment-variables)
",,qwen2_kv_runtime,tailguardkv-base,worker,full,/DATACENTER3/zhenxiang.wang/resource/Qwen2.5-7B-Instruct,full_gpu,full/exact qwen2 runtime,,balanced_two_gpu,0.0,0.0,0.0,0.0,0.0,0.0,0.0,true,,balanced_two_gpu,single,,,,,False,False,,,full_gpu,,,,qa_hotpotqa_00066,,,,,,,0
full,False,"OutOfMemoryError: CUDA out of memory. Tried to allocate 1.02 GiB. GPU 0 has a total capacity of 10.75 GiB of which 747.62 MiB is free. Process 54604 has 9.42 GiB memory in use. Including non-PyTorch memory, this process has 612.00 MiB memory in use. Of the allocated memory 0 bytes is allocated by PyTorch, and 0 bytes is reserved by PyTorch but unallocated. If reserved but unallocated memory is large try setting PYTORCH_CUDA_ALLOC_CONF=expandable_segments:True to avoid fragmentation.  See documentation for Memory Management  (https://pytorch.org/docs/stable/notes/cuda.html#environment-variables)
Traceback (most recent call last):
  File ""/DATACENTER3/zhenxiang.wang/work/TailGuardKV/profiles/qwen2_kv_runtime.py"", line 203, in worker_run_batch
    runtime = _ensure_worker_runtime(worker_state, profile, requests[0])
  File ""/DATACENTER3/zhenxiang.wang/work/TailGuardKV/profiles/qwen2_kv_runtime.py"", line 458, in _ensure_worker_runtime
    runtime = _prepare_full_runtime(request, worker_start=worker_start)
  File ""/DATACENTER3/zhenxiang.wang/work/TailGuardKV/profiles/qwen2_kv_runtime.py"", line 352, in _prepare_full_runtime
    model, tokenizer, device = _load_qwen2_model(payload, torch, modules[""AutoModelForCausalLM""], modules[""AutoTokenizer""])
  File ""/DATACENTER3/zhenxiang.wang/work/TailGuardKV/profiles/qwen2_runtime_common.py"", line 206, in load_qwen2_model
    model = auto_model.from_pretrained(
  File ""/DATACENTER3/zhenxiang.wang/miniforge3/envs/tailguardkv-base/lib/python3.10/site-packages/transformers/models/auto/auto_factory.py"", line 564, in from_pretrained
    return model_class.from_pretrained(
  File ""/DATACENTER3/zhenxiang.wang/miniforge3/envs/tailguardkv-base/lib/python3.10/site-packages/transformers/modeling_utils.py"", line 3903, in from_pretrained
    ) = cls._load_pretrained_model(
  File ""/DATACENTER3/zhenxiang.wang/miniforge3/envs/tailguardkv-base/lib/python3.10/site-packages/transformers/modeling_utils.py"", line 4377, in _load_pretrained_model
    new_error_msgs, offload_index, state_dict_index = _load_state_dict_into_meta_model(
  File ""/DATACENTER3/zhenxiang.wang/miniforge3/envs/tailguardkv-base/lib/python3.10/site-packages/transformers/modeling_utils.py"", line 933, in _load_state_dict_into_meta_model
    set_module_tensor_to_device(model, param_name, param_device, **set_module_kwargs)
  File ""/DATACENTER3/zhenxiang.wang/miniforge3/envs/tailguardkv-base/lib/python3.10/site-packages/accelerate/utils/modeling.py"", line 353, in set_module_tensor_to_device
    new_value = value.to(device, non_blocking=non_blocking)
torch.OutOfMemoryError: CUDA out of memory. Tried to allocate 1.02 GiB. GPU 0 has a total capacity of 10.75 GiB of which 747.62 MiB is free. Process 54604 has 9.42 GiB memory in use. Including non-PyTorch memory, this process has 612.00 MiB memory in use. Of the allocated memory 0 bytes is allocated by PyTorch, and 0 bytes is reserved by PyTorch but unallocated. If reserved but unallocated memory is large try setting PYTORCH_CUDA_ALLOC_CONF=expandable_segments:True to avoid fragmentation.  See documentation for Memory Management  (https://pytorch.org/docs/stable/notes/cuda.html#environment-variables)
",,qwen2_kv_runtime,tailguardkv-base,worker,full,/DATACENTER3/zhenxiang.wang/resource/Qwen2.5-7B-Instruct,full_gpu,full/exact qwen2 runtime,,balanced_two_gpu,0.0,0.0,0.0,0.0,0.0,0.0,0.0,true,,balanced_two_gpu,single,,,,,False,False,,,full_gpu,,,,summary_samsum_00018,,,,,,,0
full,False,"OutOfMemoryError: CUDA out of memory. Tried to allocate 1.02 GiB. GPU 0 has a total capacity of 10.75 GiB of which 747.62 MiB is free. Process 54604 has 9.42 GiB memory in use. Including non-PyTorch memory, this process has 612.00 MiB memory in use. Of the allocated memory 0 bytes is allocated by PyTorch, and 0 bytes is reserved by PyTorch but unallocated. If reserved but unallocated memory is large try setting PYTORCH_CUDA_ALLOC_CONF=expandable_segments:True to avoid fragmentation.  See documentation for Memory Management  (https://pytorch.org/docs/stable/notes/cuda.html#environment-variables)
Traceback (most recent call last):
  File ""/DATACENTER3/zhenxiang.wang/work/TailGuardKV/profiles/qwen2_kv_runtime.py"", line 203, in worker_run_batch
    runtime = _ensure_worker_runtime(worker_state, profile, requests[0])
  File ""/DATACENTER3/zhenxiang.wang/work/TailGuardKV/profiles/qwen2_kv_runtime.py"", line 458, in _ensure_worker_runtime
    runtime = _prepare_full_runtime(request, worker_start=worker_start)
  File ""/DATACENTER3/zhenxiang.wang/work/TailGuardKV/profiles/qwen2_kv_runtime.py"", line 352, in _prepare_full_runtime
    model, tokenizer, device = _load_qwen2_model(payload, torch, modules[""AutoModelForCausalLM""], modules[""AutoTokenizer""])
  File ""/DATACENTER3/zhenxiang.wang/work/TailGuardKV/profiles/qwen2_runtime_common.py"", line 206, in load_qwen2_model
    model = auto_model.from_pretrained(
  File ""/DATACENTER3/zhenxiang.wang/miniforge3/envs/tailguardkv-base/lib/python3.10/site-packages/transformers/models/auto/auto_factory.py"", line 564, in from_pretrained
    return model_class.from_pretrained(
  File ""/DATACENTER3/zhenxiang.wang/miniforge3/envs/tailguardkv-base/lib/python3.10/site-packages/transformers/modeling_utils.py"", line 3903, in from_pretrained
    ) = cls._load_pretrained_model(
  File ""/DATACENTER3/zhenxiang.wang/miniforge3/envs/tailguardkv-base/lib/python3.10/site-packages/transformers/modeling_utils.py"", line 4377, in _load_pretrained_model
    new_error_msgs, offload_index, state_dict_index = _load_state_dict_into_meta_model(
  File ""/DATACENTER3/zhenxiang.wang/miniforge3/envs/tailguardkv-base/lib/python3.10/site-packages/transformers/modeling_utils.py"", line 933, in _load_state_dict_into_meta_model
    set_module_tensor_to_device(model, param_name, param_device, **set_module_kwargs)
  File ""/DATACENTER3/zhenxiang.wang/miniforge3/envs/tailguardkv-base/lib/python3.10/site-packages/accelerate/utils/modeling.py"", line 353, in set_module_tensor_to_device
    new_value = value.to(device, non_blocking=non_blocking)
torch.OutOfMemoryError: CUDA out of memory. Tried to allocate 1.02 GiB. GPU 0 has a total capacity of 10.75 GiB of which 747.62 MiB is free. Process 54604 has 9.42 GiB memory in use. Including non-PyTorch memory, this process has 612.00 MiB memory in use. Of the allocated memory 0 bytes is allocated by PyTorch, and 0 bytes is reserved by PyTorch but unallocated. If reserved but unallocated memory is large try setting PYTORCH_CUDA_ALLOC_CONF=expandable_segments:True to avoid fragmentation.  See documentation for Memory Management  (https://pytorch.org/docs/stable/notes/cuda.html#environment-variables)
",,qwen2_kv_runtime,tailguardkv-base,worker,full,/DATACENTER3/zhenxiang.wang/resource/Qwen2.5-7B-Instruct,full_gpu,full/exact qwen2 runtime,,balanced_two_gpu,0.0,0.0,0.0,0.0,0.0,0.0,0.0,true,,balanced_two_gpu,single,,,,,False,False,,,full_gpu,,,,summary_samsum_00033,,,,,,,0
